country_code,indicator_code_0,indicator_code_1,slope,intercept,r_value,p_value,std_err
PHL,BN.KLT.DINV.CD,BN.KLT.DINV.CD,1.0,0.0,1.0,4.375000000000076e-80,0.0
PHL,BN.KLT.DINV.CD,BX.GSR.GNFS.CD,3.7725891063562442,51653680051.12083,0.3484921074332546,0.3237043877102929,3.58744797110242
PHL,BN.KLT.DINV.CD,BM.GSR.GNFS.CD,4.317467039866266,62428868740.66821,0.36531808551835837,0.2992482794459407,3.889626025388348
PHL,BN.KLT.DINV.CD,SE.SEC.PROG.ZS,4.4230673165615327e-10,96.56918842800773,0.17032009500576667,0.6380459840659216,9.047326882758012e-10
PHL,BN.KLT.DINV.CD,SE.XPD.MPRM.ZS,-5.408909538080938e-10,85.84254472121019,-0.08805341633942916,0.8088696533205127,2.163357645685708e-09
PHL,BN.KLT.DINV.CD,SE.XPD.MSEC.ZS,-4.793119707629936e-10,78.88418521359587,-0.07955342269768848,0.8270740603177376,2.1234193741791344e-09
PHL,BN.KLT.DINV.CD,SE.XPD.MTER.ZS,7.553249908100973e-10,74.58244625157549,0.14581650504905339,0.687722471321994,1.8118210474077406e-09
PHL,BN.KLT.DINV.CD,SE.XPD.CPRM.ZS,1.0218720231965516e-10,94.32581506829212,0.0414714031118393,0.9094371697733032,8.704202744617701e-10
PHL,BN.KLT.DINV.CD,SE.XPD.CSEC.ZS,3.05266849262915e-10,93.27679011440122,0.11107546750994127,0.7599980873431292,9.656521819926157e-10
PHL,BN.KLT.DINV.CD,SE.XPD.CTER.ZS,1.110950015720334e-09,93.32600620826547,0.2670414917638544,0.4557512946578991,1.417443948896022e-09
PHL,BN.KLT.DINV.CD,SE.XPD.CTOT.ZS,1.6242802022990676e-11,93.68779544638261,0.006170274110841941,0.9865030392504627,9.306861097187353e-10
PHL,BN.KLT.DINV.CD,SI.DST.10TH.10,6.285095766467621e-10,33.413541466661506,0.40603458765909306,0.24431544409725292,5.001294814644684e-10
PHL,BN.KLT.DINV.CD,SI.DST.05TH.20,7.112289764699511e-10,49.39005167121568,0.4415435972689059,0.20142630924467858,5.109746855414124e-10
PHL,BN.KLT.DINV.CD,SI.DST.FRST.10,-6.364964995044573e-11,2.512769212078372,-0.3005660088513357,0.39875896156284607,7.14086344924384e-11
PHL,BN.KLT.DINV.CD,SI.DST.FRST.20,-1.755827147645244e-10,6.034086458725005,-0.39516966469912335,0.2583778962538224,1.4430569226132146e-10
PHL,BN.KLT.DINV.CD,SI.POV.GAPS,-5.044998875344222e-10,4.733251941770474,-0.22920235650305354,0.5241393714910869,7.574934520230224e-10
PHL,BX.GSR.GNFS.CD,BN.KLT.DINV.CD,0.032191883483587334,-1307137976.2054234,0.3484921074332546,0.3237043877102929,0.030612055496471426
PHL,BX.GSR.GNFS.CD,BX.GSR.GNFS.CD,1.0,0.0,1.0,4.375000000000076e-80,0.0
PHL,BX.GSR.GNFS.CD,BM.GSR.GNFS.CD,1.0709423861664251,7222997414.515144,0.9809679296590007,5.610076914236388e-07,0.07494592844402423
PHL,BX.GSR.GNFS.CD,SE.SEC.PROG.ZS,1.3608222351866205e-10,89.51126511692968,0.5672706288193933,0.08722140305980362,6.984676392306821e-11
PHL,BX.GSR.GNFS.CD,SE.XPD.MPRM.ZS,-3.0664311692875503e-10,101.93116283259481,-0.5404011603156343,0.10680955603530518,1.6880229026838363e-10
PHL,BX.GSR.GNFS.CD,SE.XPD.MSEC.ZS,-4.387333133380465e-10,102.02242972496337,-0.7882931730288747,0.0067468330412032524,1.2107504632610575e-10
PHL,BX.GSR.GNFS.CD,SE.XPD.MTER.ZS,-1.1521732634989676e-10,81.01562585245142,-0.24078929956528938,0.5027650176111387,1.6419721860527568e-10
PHL,BX.GSR.GNFS.CD,SE.XPD.CPRM.ZS,-5.1746165691301416e-11,97.11910209777973,-0.22734057515398076,0.5276079632715907,7.836692862325697e-11
PHL,BX.GSR.GNFS.CD,SE.XPD.CSEC.ZS,-1.4562212717055927e-10,101.1447183452943,-0.5736043496039458,0.08296782844641304,7.352314870966163e-11
PHL,BX.GSR.GNFS.CD,SE.XPD.CTER.ZS,-9.803711912307736e-11,98.98950275661421,-0.2551063836844311,0.47687583567357295,1.3137466341427502e-10
PHL,BX.GSR.GNFS.CD,SE.XPD.CTOT.ZS,-7.643758269288689e-11,97.75940252154471,-0.31433809051310696,0.376394355096187,8.161566039809825e-11
PHL,BX.GSR.GNFS.CD,SI.DST.10TH.10,1.4425482083835153e-11,32.90083769649479,0.10088533163661136,0.7815457696892035,5.029628407697373e-11
PHL,BX.GSR.GNFS.CD,SI.DST.05TH.20,3.857805295287184e-11,47.62637858477984,0.2592692515169762,0.4694597150429649,5.080819698120866e-11
PHL,BX.GSR.GNFS.CD,SI.DST.FRST.10,-8.488784787178905e-12,2.9384424996991663,-0.433946238055283,0.2102055308866669,6.231030498331494e-12
PHL,BX.GSR.GNFS.CD,SI.DST.FRST.20,-1.5720952802378366e-11,6.799056798315522,-0.3830251244578749,0.27461235292395325,1.3404647021084088e-11
PHL,BX.GSR.GNFS.CD,SI.POV.GAPS,-1.293027570999474e-10,11.40545656553316,-0.6359344460755396,0.04810980454991724,5.5478305244793784e-11
PHL,BM.GSR.GNFS.CD,BN.KLT.DINV.CD,0.03091101851490509,-1578911239.9623148,0.36531808551835837,0.2992482794459407,0.027847879549894643
PHL,BM.GSR.GNFS.CD,BX.GSR.GNFS.CD,0.898552612586504,-4485215401.711685,0.9809679296590007,5.610076914236388e-07,0.06288186990820441
PHL,BM.GSR.GNFS.CD,BM.GSR.GNFS.CD,1.0,0.0,1.0,4.375000000000076e-80,0.0
PHL,BM.GSR.GNFS.CD,SE.SEC.PROG.ZS,1.2171763915525007e-10,88.9368074478925,0.5539285114830655,0.09663275862207917,6.468037921739194e-11
PHL,BM.GSR.GNFS.CD,SE.XPD.MPRM.ZS,-2.247198098385666e-10,100.04536664119836,-0.4323502445446895,0.2120773375859932,1.6570114028268956e-10
PHL,BM.GSR.GNFS.CD,SE.XPD.MSEC.ZS,-3.506738716997068e-10,101.19527162115321,-0.687862858155984,0.027907112287144084,1.3082714313518808e-10
PHL,BM.GSR.GNFS.CD,SE.XPD.MTER.ZS,-6.197225658696261e-11,78.8654308643328,-0.14139302917767538,0.6968123970019904,1.5340486435753008e-10
PHL,BM.GSR.GNFS.CD,SE.XPD.CPRM.ZS,-2.0153956804106557e-11,95.66060385288864,-0.09666525505143925,0.7905095755619925,7.336794050364615e-11
PHL,BM.GSR.GNFS.CD,SE.XPD.CSEC.ZS,-1.1172378284577438e-10,100.57045979644607,-0.480443138534059,0.15987007608351222,7.210594139011859e-11
PHL,BM.GSR.GNFS.CD,SE.XPD.CTER.ZS,-6.616391341798902e-11,98.02197653877126,-0.18795906172979734,0.6030599648364352,1.2223698298967746e-10
PHL,BM.GSR.GNFS.CD,SE.XPD.CTOT.ZS,-4.3685559494232036e-11,96.49797264894417,-0.19612784968908265,0.5870960432107457,7.722109124741087e-11
PHL,BM.GSR.GNFS.CD,SI.DST.10TH.10,1.3877338486056544e-12,33.57893962759828,0.01059534664173889,0.9768252809637381,4.630433372159585e-11
PHL,BM.GSR.GNFS.CD,SI.DST.05TH.20,2.3808907556171886e-11,48.15001956228052,0.17468735777470148,0.6293203630204849,4.744641416817516e-11
PHL,BM.GSR.GNFS.CD,SI.DST.FRST.10,-6.611340317893218e-12,2.911294926132728,-0.36897013546850227,0.29407409976772797,5.888100953348605e-12
PHL,BM.GSR.GNFS.CD,SI.DST.FRST.20,-1.1777464339721992e-11,6.718840438061972,-0.31326472533064637,0.37811477367547286,1.262310304088071e-11
PHL,BM.GSR.GNFS.CD,SI.POV.GAPS,-1.3497754914733473e-10,13.191432501023481,-0.7247319381538411,0.017735851010068002,4.5370948592325295e-11
PHL,NY.ADJ.NNTY.KD.ZG,NY.ADJ.NNTY.KD.ZG,1.0,0.0,1.0,0.0,0.0
PHL,NY.ADJ.AEDU.GN.ZS,NY.ADJ.AEDU.GN.ZS,1.0,0.0,1.0,0.0,0.0
PHL,NY.GDP.MKTP.KD.ZG,NY.GDP.MKTP.KD.ZG,1.0,0.0,1.0,0.0,0.0
PHL,NY.GDP.MKTP.KD.ZG,NY.GNP.MKTP.KD.ZG,0.9322125932819514,0.6936144563622291,0.7912427540104606,1.07536153888554e-12,0.09990829569361497
PHL,NY.GDP.MKTP.KD.ZG,EN.POP.DNST,-0.2038606845159567,202.4323244110048,-0.008239312582802753,0.9528480943924078,3.4310424006629194
PHL,NY.GDP.MKTP.KD.ZG,SP.DYN.LE00.IN,-0.07069417195257033,64.11078005407448,-0.06776882948814272,0.6263256566094615,0.1443285953597564
PHL,NY.GNP.MKTP.KD.ZG,NY.GDP.MKTP.KD.ZG,0.6715904722654852,1.1045442324298778,0.7912427540104606,1.07536153888554e-12,0.07197656411386918
PHL,NY.GNP.MKTP.KD.ZG,NY.GNP.MKTP.KD.ZG,1.0,0.0,1.0,0.0,0.0
PHL,NY.GNP.MKTP.KD.ZG,EN.POP.DNST,1.2554341527057977,195.79050866757703,0.059780103126496995,0.667633823461903,2.9070881897677032
PHL,NY.GNP.MKTP.KD.ZG,SP.DYN.LE00.IN,0.029034134465011192,63.680090073715384,0.03279143905033937,0.8139046581111057,0.12271936985101461
PHL,NY.GDP.MKTP.KN,NY.GDP.MKTP.KN,1.0,0.0,1.0,0.0,0.0
PHL,NY.GDP.MKTP.KN,NY.GDP.PCAP.KN,5.582764851458411e-09,28925.766097372558,0.9521545168279975,5.92444177671821e-29,2.4613962586283646e-10
PHL,NY.GDP.MKTP.KN,NY.GDP.MKTP.CN,2.018928690492538,-3286663343502.478,0.9639500435468678,3.793427488918666e-32,0.07655016094739775
PHL,NY.GDP.MKTP.KN,NE.CON.GOVT.ZS,1.7468671042887334e-13,9.35669513693839,0.23829819843703745,0.07977190180574874,9.779266572101844e-14
PHL,NY.GDP.MKTP.KN,NE.TRD.GNFS.ZS,9.100788261147066e-12,35.28079742864837,0.6346624225731036,1.9562477450726567e-07,1.5221571855877962e-12
PHL,NY.GDP.MKTP.KN,NY.GDP.MKTP.KD,0.02300048300266846,6.103515625e-05,1.0,0.0,0.0
PHL,NY.GDP.MKTP.KN,NY.GDP.PCAP.KD,1.284062880738641e-10,665.3065914617823,0.9521545168279971,5.924441776719264e-29,5.661330280941363e-12
PHL,NY.GDP.MKTP.KN,SP.URB.TOTL.IN.ZS,2.8199970084753927e-12,33.16970992358844,0.6970185503785479,3.39411991043979e-09,3.9849024163126313e-13
PHL,NY.GDP.MKTP.KN,SP.POP.GROW,-3.18685448273068e-13,3.3830878525398083,-0.9639929734894788,3.6774890406877e-32,1.2075747520111988e-14
PHL,NY.GDP.MKTP.KN,SP.POP.TOTL,1.323387077521788e-05,21795272.69313822,0.9603864095363656,4.411348458444609e-31,5.274677291150421e-07
PHL,NY.GDP.PCAP.KN,NY.GDP.MKTP.KN,162392335.7042564,-4431273135362.918,0.9521545168279975,5.92444177671821e-29,7159747.86987418
PHL,NY.GDP.PCAP.KN,NY.GDP.PCAP.KN,1.0,0.0,1.0,0.0,0.0
PHL,NY.GDP.PCAP.KN,NY.GDP.MKTP.CN,321265668.8557903,-11937542656783.965,0.8993728426883452,1.0891577581328535e-20,21451088.18199359
PHL,NY.GDP.PCAP.KN,NE.CON.GOVT.ZS,1.9776755637993805e-05,8.967728755341913,0.15818228451899655,0.24872749496208854,1.6957302144304033e-05
PHL,NY.GDP.PCAP.KN,NE.TRD.GNFS.ZS,0.0011888162491005862,7.9116730674900495,0.48609416855005566,0.00016828001869083678,0.000293576524339581
PHL,NY.GDP.PCAP.KN,NY.GDP.MKTP.KD,3735102.1571293795,-101921422430.09608,0.9521545168279975,5.92444177671821e-29,164677.6591844328
PHL,NY.GDP.PCAP.KN,NY.GDP.PCAP.KD,0.023000483002668468,9.094947017729282e-13,1.0,0.0,0.0
PHL,NY.GDP.PCAP.KN,SP.URB.TOTL.IN.ZS,0.0003961735274600621,23.44266183309502,0.5741469272425946,4.581239619858511e-06,7.760272975841772e-05
PHL,NY.GDP.PCAP.KN,SP.POP.GROW,-5.0075488043155955e-05,4.720112192458671,-0.8881344766695973,1.5577865479737528e-19,3.5593698473928545e-06
PHL,NY.GDP.PCAP.KN,SP.POP.TOTL,2028.9347313262892,-31461793.70734015,0.8633146211403114,2.281098465889436e-17,162.91653766749587
PHL,NY.GDP.MKTP.CN,NY.GDP.MKTP.KN,0.4602439357218309,1714337490669.441,0.9639500435468678,3.793427488918666e-32,0.017450714094302558
PHL,NY.GDP.MKTP.CN,NY.GDP.PCAP.KN,2.51776516627552e-09,38623.82754370119,0.8993728426883452,1.0891577581328535e-20,1.6811258668155855e-10
PHL,NY.GDP.MKTP.CN,NY.GDP.MKTP.CN,1.0,0.0,1.0,0.0,0.0
PHL,NY.GDP.MKTP.CN,NE.CON.GOVT.ZS,7.363148857826779e-14,9.672841967184267,0.21037344817460282,0.1231598656542459,4.7000803887507913e-14
PHL,NY.GDP.MKTP.CN,NE.TRD.GNFS.ZS,3.50504032772607e-12,52.56696301105562,0.5119449302254401,6.466429505185497e-05,8.078565277769147e-13
PHL,NY.GDP.MKTP.CN,NY.GDP.MKTP.KD,0.010585832820651208,39430590314.979836,0.9639500435468676,3.7934274889189345e-32,0.00040137485291043355
PHL,NY.GDP.MKTP.CN,NY.GDP.PCAP.KD,5.790981491163079e-11,888.3666889168985,0.8993728426883443,1.0891577581330867e-20,3.866670692503833e-12
PHL,NY.GDP.MKTP.CN,SP.URB.TOTL.IN.ZS,1.0107709603417918e-12,38.711629121975776,0.5232568198462635,4.15077096410256e-05,2.2611466706006683e-13
PHL,NY.GDP.MKTP.CN,SP.POP.GROW,-1.4291330605946178e-13,2.8274889222031803,-0.9054213968999065,2.27749622064227e-21,9.20398589104537e-15
PHL,NY.GDP.MKTP.CN,SP.POP.TOTL,5.793426641527349e-06,45215384.36013344,0.8805643131491061,8.006164169586938e-19,4.2829957903073877e-07
PHL,NE.CON.GOVT.ZS,NY.GDP.MKTP.KN,325073563059.96204,-354923525830.06396,0.23829819843703745,0.07977190180574874,181981847440.0034
PHL,NE.CON.GOVT.ZS,NY.GDP.PCAP.KN,1265.2042424784202,32360.273361418476,0.15818228451899655,0.24872749496208854,1084.8316582698221
PHL,NE.CON.GOVT.ZS,NY.GDP.MKTP.CN,601060613487.7826,-3458880861384.1655,0.21037344817460282,0.1231598656542459,383671885011.7408
PHL,NE.CON.GOVT.ZS,NE.CON.GOVT.ZS,1.0,0.0,1.0,0.0,0.0
PHL,NE.CON.GOVT.ZS,NE.TRD.GNFS.ZS,10.307235333360081,-40.366515852266694,0.5269204747009099,3.583369076663977e-05,2.2836758972194815
PHL,NE.CON.GOVT.ZS,NY.GDP.MKTP.KD,7476848961.777526,-8163412523.10144,0.2382981984370373,0.07977190180574892,4185670388.838003
PHL,NE.CON.GOVT.ZS,NY.GDP.PCAP.KD,29.10030867402907,744.3019174110104,0.15818228451899727,0.24872749496208635,24.951652116791692
PHL,NE.CON.GOVT.ZS,SP.URB.TOTL.IN.ZS,1.740451531558005,24.051412064264376,0.31535282796169123,0.019017466997713398,0.7194188443502703
PHL,NE.CON.GOVT.ZS,SP.POP.GROW,-0.1305656030081633,3.761960729332647,-0.28952063421948665,0.03203484915147698,0.05929269700067831
PHL,NE.CON.GOVT.ZS,SP.POP.TOTL,5751193.479192617,2817319.994203709,0.30595404678276744,0.02310614412385653,2458226.535646514
PHL,NE.TRD.GNFS.ZS,NY.GDP.MKTP.KN,44259505777.75471,139589450255.99463,0.6346624225731036,1.9562477450726567e-07,7402647201.208764
PHL,NE.TRD.GNFS.ZS,NY.GDP.PCAP.KN,198.7586734931796,32663.150638135896,0.48609416855005566,0.00016828001869083678,49.08317882651702
PHL,NE.TRD.GNFS.ZS,NY.GDP.MKTP.CN,74774492467.41267,-2112349412227.355,0.5119449302254401,6.466429505185497e-05,17234341463.39616
PHL,NE.TRD.GNFS.ZS,NE.CON.GOVT.ZS,0.026936921267375586,8.205636377293313,0.5269204747009099,3.583369076663977e-05,0.005968156916385354
PHL,NE.TRD.GNFS.ZS,NE.TRD.GNFS.ZS,1.0,0.0,1.0,0.0,0.0
PHL,NE.TRD.GNFS.ZS,NY.GDP.MKTP.KD,1017990010.3477542,3210624777.964859,0.634662422573104,1.9562477450726072e-07,170264461.12615335
PHL,NE.TRD.GNFS.ZS,NY.GDP.PCAP.KD,4.571545491312813,751.268241066045,0.48609416855005594,0.0001682800186908355,1.1289368203162415
PHL,NE.TRD.GNFS.ZS,SP.URB.TOTL.IN.ZS,0.2315503271226488,27.03053320880221,0.8206865441290631,1.7250443132312662e-14,0.022143903636231768
PHL,NE.TRD.GNFS.ZS,SP.POP.GROW,-0.01710324587053577,3.522115515088275,-0.7418675912071673,9.160514570383341e-11,0.002123454900458679
PHL,NE.TRD.GNFS.ZS,SP.POP.TOTL,763686.6609275066,12750613.558292508,0.794713418803913,4.379996893517616e-13,80120.66772715186
PHL,NY.GDP.MKTP.KD,NY.GDP.MKTP.KN,43.47734784021633,-0.0029296875,1.0,0.0,0.0
PHL,NY.GDP.MKTP.KD,NY.GDP.PCAP.KN,2.4272380935699103e-07,28925.766097372543,0.9521545168279975,5.92444177671821e-29,1.0701498130899248e-08
PHL,NY.GDP.MKTP.KD,NY.GDP.MKTP.CN,87.77766494113655,-3286663343502.485,0.9639500435468676,3.7934274889189345e-32,3.3281979747345614
PHL,NY.GDP.MKTP.KD,NE.CON.GOVT.ZS,7.594914872379266e-12,9.35669513693839,0.2382981984370373,0.07977190180574892,4.251765743774719e-12
PHL,NY.GDP.MKTP.KD,NE.TRD.GNFS.ZS,3.956781368500488e-10,35.28079742864833,0.634662422573104,1.9562477450726072e-07,6.61793574252853e-11
PHL,NY.GDP.MKTP.KD,NY.GDP.MKTP.KD,1.0,0.0,1.0,0.0,0.0
PHL,NY.GDP.MKTP.KD,NY.GDP.PCAP.KD,5.582764851458412e-09,665.3065914617819,0.9521545168279972,5.924441776718926e-29,2.46139625862837e-10
PHL,NY.GDP.MKTP.KD,SP.URB.TOTL.IN.ZS,1.226059908458542e-10,33.169709923588435,0.6970185503785483,3.3941199104396925e-09,1.732529884633427e-11
PHL,NY.GDP.MKTP.KD,SP.POP.GROW,-1.3855598086183449e-11,3.383087852539809,-0.9639929734894789,3.677489040687437e-32,5.250214753625377e-13
PHL,NY.GDP.MKTP.KD,SP.POP.TOTL,0.0005753736029666212,21795272.693138182,0.9603864095363657,4.4113484584442325e-31,2.2932897933223656e-05
PHL,NY.GDP.PCAP.KD,NY.GDP.MKTP.KN,7060388065.999131,-4431273135362.92,0.9521545168279971,5.924441776719264e-29,311286848.5867685
PHL,NY.GDP.PCAP.KD,NY.GDP.PCAP.KN,43.47734784021631,-2.9103830456733704e-11,1.0,0.0,0.0
PHL,NY.GDP.PCAP.KD,NY.GDP.MKTP.CN,13967779233.962929,-11937542656783.959,0.8993728426883443,1.0891577581330867e-20,932636422.4396926
PHL,NY.GDP.PCAP.KD,NE.CON.GOVT.ZS,0.0008598408840240196,8.96772875534191,0.15818228451899727,0.24872749496208635,0.0007372585237595524
PHL,NY.GDP.PCAP.KD,NE.TRD.GNFS.ZS,0.051686577580247466,7.911673067489971,0.48609416855005594,0.0001682800186908355,0.01276392866643369
PHL,NY.GDP.PCAP.KD,NY.GDP.MKTP.KD,162392335.70425627,-101921422430.09615,0.9521545168279972,5.924441776718926e-29,7159747.869874191
PHL,NY.GDP.PCAP.KD,NY.GDP.PCAP.KD,1.0,0.0,1.0,0.0,0.0
PHL,NY.GDP.PCAP.KD,SP.URB.TOTL.IN.ZS,0.017224574258466616,23.442661833095,0.5741469272425949,4.581239619858469e-06,0.0033739608750570325
PHL,NY.GDP.PCAP.KD,SP.POP.GROW,-0.0021771494119208834,4.7201121924586715,-0.8881344766695968,1.557786547973942e-19,0.00015475196094707713
PHL,NY.GDP.PCAP.KD,SP.POP.TOTL,88212.70105896889,-31461793.707340196,0.8633146211403112,2.2810984658895173e-17,7083.178977093426
PHL,NY.GDP.PCAP.PP.CD,NY.GDP.PCAP.PP.CD,1.0,0.0,1.0,4.766526208731794e-228,0.0
PHL,NY.GDP.PCAP.PP.CD,NY.GDP.MKTP.PP.CD,118860710.99525915,-140368672867.15472,0.9997137573215442,8.512300853623037e-39,593129.9413859461
PHL,NY.GDP.PCAP.PP.CD,SL.TLF.ACTI.ZS,-0.0002819058837558569,68.22697503824449,-0.3551965305253649,0.08143998325107019,0.00015469858118518674
PHL,NY.GDP.MKTP.PP.CD,NY.GDP.PCAP.PP.CD,8.40839322101836e-09,1182.6039026112026,0.9997137573215442,8.512300853623037e-39,4.195894283798729e-11
PHL,NY.GDP.MKTP.PP.CD,NY.GDP.MKTP.PP.CD,1.0,0.0,1.0,4.766526208731794e-228,0.0
PHL,NY.GDP.MKTP.PP.CD,SL.TLF.ACTI.ZS,-2.275916028268196e-12,67.8611704114813,-0.3409443236606355,0.09534586143664746,1.308504671917606e-12
PHL,SE.PRM.PRSL.ZS,SE.PRM.PRSL.ZS,1.0,0.0,1.0,3.6676382343853063e-149,0.0
PHL,SE.PRM.PRSL.ZS,SE.SEC.NENR,0.5653678431994249,18.41619060254169,0.7423688415951131,0.0006428677145194174,0.13174525405416174
PHL,SE.SEC.PROG.ZS,BN.KLT.DINV.CD,65585560.17032263,-5940428649.803365,0.17032009500576667,0.6380459840659216,134154413.4831275
PHL,SE.SEC.PROG.ZS,BX.GSR.GNFS.CD,2364717139.391975,-175601219247.1656,0.5672706288193933,0.08722140305980362,1213735604.1753218
PHL,SE.SEC.PROG.ZS,BM.GSR.GNFS.CD,2520890135.2619596,-179714896890.45776,0.5539285114830655,0.09663275862207917,1339593267.218682
PHL,SE.SEC.PROG.ZS,SE.SEC.PROG.ZS,1.0,0.0,1.0,4.375000000000076e-80,0.0
PHL,SE.SEC.PROG.ZS,SE.XPD.MPRM.ZS,-1.4585954662007492,226.74013409949998,-0.6166361909048571,0.057589229739973186,0.6583738303045342
PHL,SE.SEC.PROG.ZS,SE.XPD.MSEC.ZS,-1.1531542478272134,190.2557988085519,-0.497033493481596,0.14386717946931823,0.7117738781296779
PHL,SE.SEC.PROG.ZS,SE.XPD.MTER.ZS,0.009721673854719297,73.94769226513682,0.00487384301212136,0.9893387216650821,0.7052114566249573
PHL,SE.SEC.PROG.ZS,SE.XPD.CPRM.ZS,-0.3288080144820312,126.17879015227555,-0.3465391238910166,0.3266081310059094,0.3146765728513613
PHL,SE.SEC.PROG.ZS,SE.XPD.CSEC.ZS,-0.3236479035752921,124.71275231552623,-0.30582216767095993,0.3901494728945022,0.3562347086761539
PHL,SE.SEC.PROG.ZS,SE.XPD.CTER.ZS,0.23437623223772336,71.10029284006245,0.1463037482795164,0.6867233966741579,0.5602923148887246
PHL,SE.SEC.PROG.ZS,SE.XPD.CTOT.ZS,-0.28751380720709974,121.5108323241009,-0.2836350326149852,0.42709978177316765,0.3436701333797925
PHL,SE.SEC.PROG.ZS,SI.DST.10TH.10,-0.10237226697698992,43.57233878768109,-0.17174777114218331,0.6351890760260683,0.20760824255622984
PHL,SE.SEC.PROG.ZS,SI.DST.05TH.20,-0.02791478407764507,52.37870681107517,-0.045004514481864315,0.9017517783098513,0.2190750609608491
PHL,SE.SEC.PROG.ZS,SI.DST.FRST.10,-0.008902378674088792,3.348289654005816,-0.10917107002175913,0.7640142237270386,0.02865826710480169
PHL,SE.SEC.PROG.ZS,SI.DST.FRST.20,-0.00966953650113166,6.89851083955758,-0.05651518511852297,0.8767671367754519,0.06039497950774207
PHL,SE.SEC.PROG.ZS,SI.POV.GAPS,-0.4989450460065969,52.801065452992404,-0.5886652210919959,0.0733966284868132,0.242244124933056
PHL,SE.XPD.MPRM.ZS,BN.KLT.DINV.CD,-14334505.087315122,1632231581.529803,-0.08805341633942916,0.8088696533205127,57332556.51520162
PHL,SE.XPD.MPRM.ZS,BX.GSR.GNFS.CD,-952356005.8852863,134725162473.65558,-0.5404011603156343,0.10680955603530518,524257242.6030918
PHL,SE.XPD.MPRM.ZS,BM.GSR.GNFS.CD,-831821342.729582,135400343669.47289,-0.4323502445446895,0.2120773375859932,613358230.8599591
PHL,SE.XPD.MPRM.ZS,SE.SEC.PROG.ZS,-0.26068927317049406,119.06940432235353,-0.6166361909048571,0.057589229739973186,0.11766867460764568
PHL,SE.XPD.MPRM.ZS,SE.XPD.MPRM.ZS,1.0,0.0,1.0,4.375000000000076e-80,0.0
PHL,SE.XPD.MPRM.ZS,SE.XPD.MSEC.ZS,0.8252842555536715,8.026355311151065,0.8414099845108226,0.0022748039876272727,0.18739762079026417
PHL,SE.XPD.MPRM.ZS,SE.XPD.MTER.ZS,0.5156186935943741,30.73913942099665,0.6114556923088933,0.06032878951954908,0.23591096555707736
PHL,SE.XPD.MPRM.ZS,SE.XPD.CPRM.ZS,0.3658353509039771,63.04306167334795,0.9120137726475129,0.00023552043098085232,0.058169072010785194
PHL,SE.XPD.MPRM.ZS,SE.XPD.CSEC.ZS,0.3510093960117892,63.34570662315404,0.7845502319526723,0.007201618146578067,0.09808224490087752
PHL,SE.XPD.MPRM.ZS,SE.XPD.CTER.ZS,0.27131165693177306,70.54511589397188,0.40060483550735254,0.2512884842352548,0.21939246172536755
PHL,SE.XPD.MPRM.ZS,SE.XPD.CTOT.ZS,0.3688442559066195,62.11261342507594,0.8606965037632945,0.0013877663612851022,0.07713771523114504
PHL,SE.XPD.MPRM.ZS,SI.DST.10TH.10,0.04559124107567036,29.76431565781311,0.18092394663907244,0.6169313774158935,0.08762205762777407
PHL,SE.XPD.MPRM.ZS,SI.DST.05TH.20,0.02865761254867141,47.224233207272654,0.10928678841804176,0.7637700424604988,0.09215485431500764
PHL,SE.XPD.MPRM.ZS,SI.DST.FRST.10,-0.003052931565135116,2.748402867467582,-0.08855731114431287,0.8077929689130223,0.012140539502467247
PHL,SE.XPD.MPRM.ZS,SI.DST.FRST.20,-0.007501647543611719,6.605317764677591,-0.10371032658409973,0.7755580897050887,0.025435566194073764
PHL,SE.XPD.MPRM.ZS,SI.POV.GAPS,0.061754037902527925,-0.7586005377172942,0.17234031094638436,0.6340046196806841,0.12479185640098153
PHL,SE.XPD.MSEC.ZS,BN.KLT.DINV.CD,-13203815.988243874,1443870240.449453,-0.07955342269768848,0.8270740603177376,58494759.97418159
PHL,SE.XPD.MSEC.ZS,BX.GSR.GNFS.CD,-1416364127.7113016,164634929905.60632,-0.7882931730288747,0.0067468330412032524,390866950.7508972
PHL,SE.XPD.MSEC.ZS,BM.GSR.GNFS.CD,-1349274496.3779266,170351426133.19046,-0.687862858155984,0.027907112287144084,503378614.4679036
PHL,SE.XPD.MSEC.ZS,SE.SEC.PROG.ZS,-0.2142317856505317,113.60618808094034,-0.497033493481596,0.14386717946931823,0.13223260390224295
PHL,SE.XPD.MSEC.ZS,SE.XPD.MPRM.ZS,0.8578508038536796,18.11916747228669,0.8414099845108226,0.0022748039876272727,0.19479251973290596
PHL,SE.XPD.MSEC.ZS,SE.XPD.MSEC.ZS,1.0,0.0,1.0,4.375000000000076e-80,0.0
PHL,SE.XPD.MSEC.ZS,SE.XPD.MTER.ZS,0.614242507410973,26.55342401646815,0.7144504341841708,0.02025778521986132,0.21267967532707988
PHL,SE.XPD.MSEC.ZS,SE.XPD.CPRM.ZS,0.29351605685522725,71.27036968001923,0.7177008995358124,0.01943531855966775,0.10068665175772627
PHL,SE.XPD.MSEC.ZS,SE.XPD.CSEC.ZS,0.4180688810386426,60.50248556552383,0.9165280349468367,0.00019184965515629744,0.06450375567301993
PHL,SE.XPD.MSEC.ZS,SE.XPD.CTER.ZS,0.41440202755299976,61.166435914113755,0.6001578676503109,0.06659751256471427,0.19527069293382554
PHL,SE.XPD.MSEC.ZS,SE.XPD.CTOT.ZS,0.34562005089697484,66.49748447887018,0.7910461894195777,0.006425619799181107,0.09449974449896628
PHL,SE.XPD.MSEC.ZS,SI.DST.10TH.10,0.008890941322999288,32.96837066384535,0.034606548021008966,0.9243887725770379,0.09077876193960861
PHL,SE.XPD.MSEC.ZS,SI.DST.05TH.20,-0.019916501233241266,51.24523208827062,-0.07449662589701991,0.8379400177468691,0.09425903345552852
PHL,SE.XPD.MSEC.ZS,SI.DST.FRST.10,0.00666713216182742,1.9623624977404464,0.18968907348309227,0.5996660982634147,0.012200969442387861
PHL,SE.XPD.MSEC.ZS,SI.DST.FRST.20,0.01257789709180941,4.973243631931261,0.17055689545486472,0.6375718270933164,0.02569113704342395
PHL,SE.XPD.MSEC.ZS,SI.POV.GAPS,0.06159312822687769,-0.31777132010600706,0.1685969340542741,0.6414999024032056,0.12731388702211602
PHL,SE.XPD.MTER.ZS,BN.KLT.DINV.CD,28150072.357484575,-1703249347.7900438,0.14581650504905339,0.687722471321994,67524435.44683994
PHL,SE.XPD.MTER.ZS,BX.GSR.GNFS.CD,-503218470.8840417,90866200648.89081,-0.24078929956528938,0.5027650176111387,717141040.2202376
PHL,SE.XPD.MTER.ZS,BM.GSR.GNFS.CD,-322595784.0019136,88335472301.53354,-0.14139302917767538,0.6968123970019904,798547046.8980081
PHL,SE.XPD.MTER.ZS,SE.SEC.PROG.ZS,0.0024434419485563053,96.5652757493146,0.00487384301212136,0.9893387216650821,0.17724758940389998
PHL,SE.XPD.MTER.ZS,SE.XPD.MPRM.ZS,0.7251057192101528,31.321663062872716,0.6114556923088933,0.06032878951954908,0.33175754191021556
PHL,SE.XPD.MTER.ZS,SE.XPD.MSEC.ZS,0.8310063480586001,16.457521953908554,0.7144504341841708,0.02025778521986132,0.2877335224564566
PHL,SE.XPD.MTER.ZS,SE.XPD.MTER.ZS,1.0,0.0,1.0,4.375000000000076e-80,0.0
PHL,SE.XPD.MTER.ZS,SE.XPD.CPRM.ZS,0.34245507989070395,68.72132588976692,0.7199179499198113,0.018887782530567065,0.11672721399280585
PHL,SE.XPD.MTER.ZS,SE.XPD.CSEC.ZS,0.457015629193219,59.17528106162452,0.8613838547701561,0.0013617609518896477,0.09528273433734548
PHL,SE.XPD.MTER.ZS,SE.XPD.CTER.ZS,0.6725377893931993,43.41060939726505,0.8373906112468535,0.0025014875730967868,0.15520909489659448
PHL,SE.XPD.MTER.ZS,SE.XPD.CTOT.ZS,0.43030323269587784,61.469716605586314,0.8467306582486391,0.0019980278042342364,0.09559028491479665
PHL,SE.XPD.MTER.ZS,SI.DST.10TH.10,0.07711526742525532,27.89297278222215,0.2580587973314907,0.47161086646765693,0.10207324483876815
PHL,SE.XPD.MTER.ZS,SI.DST.05TH.20,0.0816303394425994,43.564846952396536,0.2625082284633075,0.463724960839326,0.10608632035353059
PHL,SE.XPD.MTER.ZS,SI.DST.FRST.10,-0.010862442416332066,3.3004692739886385,-0.2657042501833327,0.4580969744802288,0.013934314831691628
PHL,SE.XPD.MTER.ZS,SI.DST.FRST.20,-0.019971899996745243,7.458660586066613,-0.23283506781462585,0.5173984533236131,0.029493265425940027
PHL,SE.XPD.MTER.ZS,SI.POV.GAPS,-0.15035716559988843,15.788984601219337,-0.3538419373001257,0.31581919450262635,0.14051516505886502
PHL,SE.XPD.CPRM.ZS,BN.KLT.DINV.CD,16830652.342204943,-1183401077.7094243,0.0414714031118393,0.9094371697733032,143361797.7449497
PHL,SE.XPD.CPRM.ZS,BX.GSR.GNFS.CD,-998793561.2402459,147434389725.11667,-0.22734057515398076,0.5276079632715907,1512621904.9741237
PHL,SE.XPD.CPRM.ZS,BM.GSR.GNFS.CD,-463639553.5121837,107929199713.01534,-0.09666525505143925,0.7905095755619925,1687821379.5857606
PHL,SE.XPD.CPRM.ZS,SE.SEC.PROG.ZS,-0.365226390774961,131.2136478047503,-0.3465391238910166,0.3266081310059094,0.34952976783422474
PHL,SE.XPD.CPRM.ZS,SE.XPD.MPRM.ZS,2.2736160391374223,-128.93118954447527,0.9120137726475129,0.00023552043098085232,0.3615127263635449
PHL,SE.XPD.CPRM.ZS,SE.XPD.MSEC.ZS,1.7549110829346468,-86.91589077692015,0.7177008995358124,0.01943531855966775,0.6019981426786746
PHL,SE.XPD.CPRM.ZS,SE.XPD.MTER.ZS,1.513430184134386,-67.92990129351566,0.7199179499198113,0.018887782530567065,0.5158588654109244
PHL,SE.XPD.CPRM.ZS,SE.XPD.CPRM.ZS,1.0,0.0,1.0,4.375000000000076e-80,0.0
PHL,SE.XPD.CPRM.ZS,SE.XPD.CSEC.ZS,0.843658012355979,13.786747441042763,0.7564020915002104,0.011343285417564755,0.2579392729095465
PHL,SE.XPD.CPRM.ZS,SE.XPD.CTER.ZS,0.786956533030637,19.512911689159992,0.4661039153255739,0.17452838019087125,0.5281213749459801
PHL,SE.XPD.CPRM.ZS,SE.XPD.CTOT.ZS,1.0021540502153057,-0.8760867504164054,0.9380495357760555,5.977216416710749e-05,0.13087853915596934
PHL,SE.XPD.CPRM.ZS,SI.DST.10TH.10,0.102164751836264,24.02699979924023,0.16262975025586648,0.6535081471980555,0.2191470229796689
PHL,SE.XPD.CPRM.ZS,SI.DST.05TH.20,0.09606861834576576,40.61227476589356,0.1469580816551089,0.6853823967639241,0.22861358622362637
PHL,SE.XPD.CPRM.ZS,SI.DST.FRST.10,-0.0167094249136823,4.063821418854652,-0.19442545680955534,0.5904100446654175,0.02980545622760668
PHL,SE.XPD.CPRM.ZS,SI.DST.FRST.20,-0.03142461421270845,8.928452433331131,-0.1742687730931763,0.6301549122450072,0.06277814777050487
PHL,SE.XPD.CPRM.ZS,SI.POV.GAPS,-0.19002268604137734,22.460906272428744,-0.2127214268456428,0.5551626408937992,0.3085986082672564
PHL,SE.XPD.CSEC.ZS,BN.KLT.DINV.CD,40416309.57420458,-3370038461.010553,0.11107546750994127,0.7599980873431292,127849118.31289694
PHL,SE.XPD.CSEC.ZS,BX.GSR.GNFS.CD,-2259422769.5850115,264211997793.14932,-0.5736043496039458,0.08296782844641304,1140759852.3240027
PHL,SE.XPD.CSEC.ZS,BM.GSR.GNFS.CD,-2066038255.105388,257145598650.09558,-0.480443138534059,0.15987007608351222,1333410215.2450209
PHL,SE.XPD.CSEC.ZS,SE.SEC.PROG.ZS,-0.288978229754567,123.73893745587114,-0.30582216767095993,0.3901494728945022,0.31807428490393536
PHL,SE.XPD.CSEC.ZS,SE.XPD.MPRM.ZS,1.7535686322092603,-78.16041803585325,0.7845502319526723,0.007201618146578067,0.4899981310730178
PHL,SE.XPD.CSEC.ZS,SE.XPD.MSEC.ZS,2.0092948242322426,-108.97877030645554,0.9165280349468367,0.00019184965515629744,0.3100136563509504
PHL,SE.XPD.CSEC.ZS,SE.XPD.MTER.ZS,1.623537791406681,-76.75080020620854,0.8613838547701561,0.0013617609518896477,0.3384897806193861
PHL,SE.XPD.CSEC.ZS,SE.XPD.CPRM.ZS,0.6781706753760768,31.025787463814467,0.7564020915002104,0.011343285417564755,0.20734331726025432
PHL,SE.XPD.CSEC.ZS,SE.XPD.CSEC.ZS,1.0,0.0,1.0,4.375000000000076e-80,0.0
PHL,SE.XPD.CSEC.ZS,SE.XPD.CTER.ZS,1.2741609276603427,-25.23132979976421,0.841724568432093,0.002257712402768166,0.2889537799685729
PHL,SE.XPD.CSEC.ZS,SE.XPD.CTOT.ZS,0.8597238413607162,13.395837584083395,0.8975609958749815,0.0004250380501231125,0.14930713141125695
PHL,SE.XPD.CSEC.ZS,SI.DST.10TH.10,0.11429478574912605,22.992823519354285,0.20292662991825217,0.5739303199647567,0.1949894440075109
PHL,SE.XPD.CSEC.ZS,SI.DST.05TH.20,0.08429537519501176,41.80477988054345,0.14382334720334997,0.6918138870585001,0.20506452270489975
PHL,SE.XPD.CSEC.ZS,SI.DST.FRST.10,-0.006842224407618263,3.126066363288274,-0.08879789141233653,0.8072790175088208,0.02713505216186128
PHL,SE.XPD.CSEC.ZS,SI.DST.FRST.20,-0.013218138858013179,7.197579199130704,-0.08175863708729338,0.8223436926134475,0.056968565642973985
PHL,SE.XPD.CSEC.ZS,SI.POV.GAPS,0.013575302280083698,3.2610616013393807,0.016949972887452945,0.9629325850594086,0.2831216702407185
PHL,SE.XPD.CTER.ZS,BN.KLT.DINV.CD,64189349.03855861,-5614546406.50272,0.2670414917638544,0.4557512946578991,81898198.02044427
PHL,SE.XPD.CTER.ZS,BX.GSR.GNFS.CD,-663822719.1768726,115431548403.54459,-0.2551063836844311,0.47687583567357295,889555783.3469818
PHL,SE.XPD.CTER.ZS,BM.GSR.GNFS.CD,-533955853.89815277,114248969173.34286,-0.18795906172979734,0.6030599648364352,986476604.2155156
PHL,SE.XPD.CTER.ZS,SE.SEC.PROG.ZS,0.09132661002471287,88.18403622476221,0.1463037482795164,0.6867233966741579,0.21832246919041612
PHL,SE.XPD.CTER.ZS,SE.XPD.MPRM.ZS,0.5915124917475626,30.154010824844043,0.40060483550735254,0.2512884842352548,0.4783184886834337
PHL,SE.XPD.CTER.ZS,SE.XPD.MSEC.ZS,0.8691788219026073,-2.817796071308649,0.6001578676503109,0.06659751256471427,0.40956641027684487
PHL,SE.XPD.CTER.ZS,SE.XPD.MTER.ZS,1.0426522447713475,-22.88728615183574,0.8373906112468535,0.0025014875730967868,0.24062456229987386
PHL,SE.XPD.CTER.ZS,SE.XPD.CPRM.ZS,0.27606716605448384,68.47877120282845,0.4661039153255739,0.17452838019087125,0.18526686696742653
PHL,SE.XPD.CTER.ZS,SE.XPD.CSEC.ZS,0.5560524057217523,41.25612929063322,0.841724568432093,0.002257712402768166,0.12610137464264648
PHL,SE.XPD.CTER.ZS,SE.XPD.CTER.ZS,1.0,0.0,1.0,4.375000000000076e-80,0.0
PHL,SE.XPD.CTER.ZS,SE.XPD.CTOT.ZS,0.4452874135369098,51.93719444872074,0.7037196862971886,0.023143435659488454,0.1589447524854268
PHL,SE.XPD.CTER.ZS,SI.DST.10TH.10,0.0773160039549298,26.41763098271983,0.20779557942390395,0.5645710474170069,0.128677747636345
PHL,SE.XPD.CTER.ZS,SI.DST.05TH.20,0.0870719691876747,41.51275767785543,0.22488386144941264,0.5321991684236935,0.13338467318234595
PHL,SE.XPD.CTER.ZS,SI.DST.FRST.10,-0.013142862625538248,3.719482268924815,-0.2581960461337247,0.47136673797838546,0.017386578171483445
PHL,SE.XPD.CTER.ZS,SI.DST.FRST.20,-0.02345862677696799,8.162851157217272,-0.2196444321645344,0.5420442912681893,0.03683835926789553
PHL,SE.XPD.CTER.ZS,SI.POV.GAPS,-0.09693797417504246,13.619434691455858,-0.18321782286887348,0.6123961914759757,0.18389363837007472
PHL,SE.XPD.CTOT.ZS,BN.KLT.DINV.CD,2343947.9560877094,185245501.91390112,0.006170274110841941,0.9865030392504627,134304401.5156192
PHL,SE.XPD.CTOT.ZS,BX.GSR.GNFS.CD,-1292668235.5252073,174296789253.64993,-0.31433809051310696,0.376394355096187,1380236893.9625292
PHL,SE.XPD.CTOT.ZS,BM.GSR.GNFS.CD,-880522851.6929542,146676874640.73276,-0.19612784968908265,0.5870960432107457,1556462507.5933766
PHL,SE.XPD.CTOT.ZS,SE.SEC.PROG.ZS,-0.27980858557013727,122.9647504026006,-0.2836350326149852,0.42709978177316765,0.334459951185696
PHL,SE.XPD.CTOT.ZS,SE.XPD.MPRM.ZS,2.0084316340225374,-102.5551801886382,0.8606965037632945,0.0013877663612851022,0.42003047347354233
PHL,SE.XPD.CTOT.ZS,SE.XPD.MSEC.ZS,1.8105259581185702,-90.94596089257973,0.7910461894195777,0.006425619799181107,0.49503563235673537
PHL,SE.XPD.CTOT.ZS,SE.XPD.MTER.ZS,1.6661571495208565,-81.22129965991459,0.8467306582486391,0.0019980278042342364,0.370130699780471
PHL,SE.XPD.CTOT.ZS,SE.XPD.CPRM.ZS,0.8780455773048316,12.099258079205867,0.9380495357760555,5.977216416710749e-05,0.11467031684931767
PHL,SE.XPD.CTOT.ZS,SE.XPD.CSEC.ZS,0.9370633947303488,5.602814686761306,0.8975609958749815,0.0004250380501231125,0.16273859196022958
PHL,SE.XPD.CTOT.ZS,SE.XPD.CTER.ZS,1.1121387711111774,-10.425357502321006,0.7037196862971886,0.023143435659488454,0.3969764613368316
PHL,SE.XPD.CTOT.ZS,SE.XPD.CTOT.ZS,1.0,0.0,1.0,4.375000000000076e-80,0.0
PHL,SE.XPD.CTOT.ZS,SI.DST.10TH.10,0.09746334931511225,24.53623274056483,0.16574825146742722,0.6472234011204021,0.2050209926167716
PHL,SE.XPD.CTOT.ZS,SI.DST.05TH.20,0.09302865077639698,40.96173903299045,0.15203282481376923,0.6750092332851765,0.2138239318583
PHL,SE.XPD.CTOT.ZS,SI.DST.FRST.10,-0.016991383599575804,4.078997007464335,-0.21121710354230083,0.5580294140168928,0.02779997519161855
PHL,SE.XPD.CTOT.ZS,SI.DST.FRST.20,-0.027545117567513263,8.543822478684383,-0.16319353968635888,0.6523704700905435,0.05887557713330132
PHL,SE.XPD.CTOT.ZS,SI.POV.GAPS,-0.1634703583331757,19.845252484702623,-0.19550303889762546,0.5883115466885112,0.28991991911731535
PHL,SE.XPD.TOTL.GD.ZS,SE.XPD.TOTL.GD.ZS,1.0,0.0,1.0,5.02734375000008e-159,0.0
PHL,SE.XPD.TOTL.GB.ZS,SE.XPD.TOTL.GB.ZS,1.0,0.0,1.0,7.875000000000008e-100,0.0
PHL,SE.ADT.LITR.ZS,SE.ADT.LITR.ZS,1.0,0.0,1.0,1.2004217548761408e-30,0.0
PHL,SE.PRM.NENR,SE.PRM.NENR,1.0,0.0,1.0,1.2696044921876335e-257,0.0
PHL,SE.SEC.NENR,SE.PRM.PRSL.ZS,0.9747839457096146,12.275025507484678,0.7423688415951131,0.0006428677145194174,0.22714973997934307
PHL,SE.SEC.NENR,SE.SEC.NENR,1.0,0.0,1.0,3.6676382343853063e-149,0.0
PHL,SE.TER.ENRR,SE.TER.ENRR,1.0,0.0,1.0,0.0,0.0
PHL,EN.POP.DNST,NY.GDP.MKTP.KD.ZG,-0.00033300325660300687,4.266704319845226,-0.008239312582802753,0.9528480943924078,0.005604554383188684
PHL,EN.POP.DNST,NY.GNP.MKTP.KD.ZG,0.0028465536978681183,4.034717226750371,0.059780103126496995,0.667633823461903,0.006591490775343931
PHL,EN.POP.DNST,EN.POP.DNST,1.0,0.0,1.0,0.0,0.0
PHL,EN.POP.DNST,SP.DYN.LE00.IN,0.04128104660643751,55.4926179917168,0.9791282268472594,1.1682354166630376e-37,0.001188299997658936
PHL,SP.URB.TOTL.IN.ZS,NY.GDP.MKTP.KN,172282047857.37512,-4249975743901.6323,0.6970185503785479,3.39411991043979e-09,24344960180.128258
PHL,SP.URB.TOTL.IN.ZS,NY.GDP.PCAP.KN,832.0714818466622,10544.684067286253,0.5741469272425946,4.581239619858511e-06,162.9867062532139
PHL,SP.URB.TOTL.IN.ZS,NY.GDP.MKTP.CN,270880061119.92017,-8696745177480.02,0.5232568198462635,4.15077096410256e-05,60597264104.8469
PHL,SP.URB.TOTL.IN.ZS,NE.CON.GOVT.ZS,0.05713885408484396,7.5000274500012605,0.31535282796169123,0.019017466997713398,0.02361845051578052
PHL,SP.URB.TOTL.IN.ZS,NE.TRD.GNFS.ZS,2.9087689578505658,-58.644128701377035,0.8206865441290631,1.7250443132312662e-14,0.2781749449595353
PHL,SP.URB.TOTL.IN.ZS,NY.GDP.MKTP.KD,3962570313.408473,-97751494859.36278,0.6970185503785483,3.3941199104396925e-09,559945842.8236802
PHL,SP.URB.TOTL.IN.ZS,NY.GDP.PCAP.KD,19.138045975219327,242.53282665812685,0.5741469272425949,4.581239619858469e-06,3.7487729668379637
PHL,SP.URB.TOTL.IN.ZS,SP.URB.TOTL.IN.ZS,1.0,0.0,1.0,0.0,0.0
PHL,SP.URB.TOTL.IN.ZS,SP.POP.GROW,-0.06221618141512381,5.0387810329195,-0.7614112660319018,1.491470632556861e-11,0.007276147096059761
PHL,SP.URB.TOTL.IN.ZS,SP.POP.TOTL,2899782.3342156424,-59986536.13980161,0.8513905530754685,1.7889737714152922e-16,245397.91507324507
PHL,EG.ELC.ACCS.ZS,EG.ELC.ACCS.ZS,1.0,0.0,1.0,9.999999999999998e-21,0.0
PHL,EG.ELC.ACCS.ZS,SI.POV.NAHC,0.009739728329034221,24.9926758847055,0.1251602002437362,0.8748397997562638,0.05459301041328591
PHL,EG.ELC.ACCS.ZS,SL.TLF.PRIM.ZS,-0.07970277050659538,38.12715095953169,-0.9275672105160225,0.07243278948397748,0.022703112571423257
PHL,EG.USE.ELEC.KH.PC,EG.USE.ELEC.KH.PC,1.0,0.0,1.0,0.0,0.0
PHL,SH.XPD.PCAP,SH.XPD.PCAP,1.0,0.0,1.0,6.903789617666329e-169,0.0
PHL,SH.XPD.PCAP,SH.XPD.TOTL.ZS,0.015305080809359061,2.794768004017715,0.9146528377956589,4.242108723505766e-08,0.0016405687801128725
PHL,SH.XPD.PCAP,SH.XPD.OOPC.TO.ZS,0.1457241735840766,41.83703143840245,0.8515349153359842,3.755330175742015e-06,0.021761197906456885
PHL,SH.XPD.TOTL.ZS,SH.XPD.PCAP,54.660921043688774,-143.36272314481192,0.9146528377956589,4.242108723505766e-08,5.8591654414300285
PHL,SH.XPD.TOTL.ZS,SH.XPD.TOTL.ZS,1.0,0.0,1.0,6.903789617666329e-169,0.0
PHL,SH.XPD.TOTL.ZS,SH.XPD.OOPC.TO.ZS,8.974539517673206,17.236738715641195,0.8775308110345261,8.02023289233595e-07,1.1894119481062266
PHL,SH.XPD.OOPC.TO.ZS,SH.XPD.PCAP,4.9759191917317915,-192.3618806874992,0.8515349153359842,3.755330175742015e-06,0.7430610833784447
PHL,SH.XPD.OOPC.TO.ZS,SH.XPD.TOTL.ZS,0.08580499565448055,-0.6338890631688368,0.8775308110345261,8.02023289233595e-07,0.011371891208196726
PHL,SH.XPD.OOPC.TO.ZS,SH.XPD.OOPC.TO.ZS,1.0,0.0,1.0,6.903789617666329e-169,0.0
PHL,SP.DYN.LE00.IN,NY.GDP.MKTP.KD.ZG,-0.06496453842438682,8.345218979165098,-0.06776882948814272,0.6263256566094615,0.13263102629276594
PHL,SP.DYN.LE00.IN,NY.GNP.MKTP.KD.ZG,0.03703497606542849,2.2451686428066955,0.03279143905033937,0.8139046581111057,0.15653674576295112
PHL,SP.DYN.LE00.IN,EN.POP.DNST,23.223541150711927,-1280.4084050667905,0.9791282268472594,1.1682354166630376e-37,0.6685037363059415
PHL,SP.DYN.LE00.IN,SP.DYN.LE00.IN,1.0,0.0,1.0,0.0,0.0
PHL,SP.POP.GROW,NY.GDP.MKTP.KN,-2915986462428.0693,10066473241710.879,-0.9639929734894788,3.6774890406877e-32,110493643444.22029
PHL,SP.POP.GROW,NY.GDP.PCAP.KN,-15751.875407971902,83819.05116179373,-0.8881344766695973,1.5577865479737528e-19,1119.6446117250994
PHL,SP.POP.GROW,NY.GDP.MKTP.CN,-5736260174564.079,16663279716526.441,-0.9054213968999065,2.27749622064227e-21,369429965409.143
PHL,SP.POP.GROW,NE.CON.GOVT.ZS,-0.6419929576215644,11.443425051591833,-0.28952063421948665,0.03203484915147698,0.2915430483666113
PHL,SP.POP.GROW,NE.TRD.GNFS.ZS,-32.17912711128465,140.85785007655574,-0.7418675912071673,9.160514570383341e-11,3.9952021782400777
PHL,SP.POP.GROW,NY.GDP.MKTP.KD,-67069097065.08815,231533746692.78802,-0.9639929734894789,3.677489040687437e-32,2541407167.9416943
PHL,SP.POP.GROW,NY.GDP.PCAP.KD,-362.300742581209,1927.8786615466356,-0.8881344766695968,1.557786547973942e-19,25.75236686101254
PHL,SP.POP.GROW,SP.URB.TOTL.IN.ZS,-9.318269023488728,64.26810643644968,-0.7614112660319018,1.491470632556861e-11,1.0897662722688364
PHL,SP.POP.GROW,SP.POP.GROW,1.0,0.0,1.0,0.0,0.0
PHL,SP.POP.GROW,SP.POP.TOTL,-40731630.42422884,160315446.96988192,-0.9771905887053781,2.4138564509730643e-37,1215894.487794175
PHL,SP.POP.TOTL,NY.GDP.MKTP.KN,69695.56158500168,-1297829585465.2798,0.9603864095363656,4.411348458444609e-31,2777.884129523182
PHL,SP.POP.TOTL,NY.GDP.PCAP.KN,0.0003673416022542225,22974.36069884321,0.8633146211403114,2.281098465889436e-17,2.949627755712365e-05
PHL,SP.POP.TOTL,NY.GDP.MKTP.CN,133840.2223018977,-5498175520336.854,0.8805643131491061,8.006164169586938e-19,9894.612362636346
PHL,SP.POP.TOTL,NE.CON.GOVT.ZS,1.6276252760651866e-08,8.885986500856475,0.30595404678276744,0.02310614412385653,6.956941473431557e-09
PHL,SP.POP.TOTL,NE.TRD.GNFS.ZS,8.270007194573165e-07,12.00461047886835,0.794713418803913,4.379996893517616e-13,8.676313630158448e-08
PHL,SP.POP.TOTL,NY.GDP.MKTP.KD,1603.0315795972642,-29850707320.85437,0.9603864095363657,4.4113484584442325e-31,63.89267670448032
PHL,SP.POP.TOTL,NY.GDP.PCAP.KD,8.449034278821243e-06,528.4213927509187,0.8633146211403112,2.2810984658895173e-17,6.784286305946144e-07
PHL,SP.POP.TOTL,SP.URB.TOTL.IN.ZS,2.499725118375894e-07,26.3311464217265,0.8513905530754685,1.7889737714152922e-16,2.1154254409636234e-08
PHL,SP.POP.TOTL,SP.POP.GROW,-2.3443732468080844e-08,3.870026282695229,-0.9771905887053781,2.4138564509730643e-37,6.998272542585192e-10
PHL,SP.POP.TOTL,SP.POP.TOTL,1.0,0.0,1.0,0.0,0.0
PHL,SI.DST.10TH.10,BN.KLT.DINV.CD,262309585.24940252,-8426578883.662882,0.40603458765909306,0.24431544409725292,208729925.0933686
PHL,SI.DST.10TH.10,BX.GSR.GNFS.CD,705546620.9225762,29426707720.67871,0.10088533163661136,0.7815457696892035,2459978326.494611
PHL,SI.DST.10TH.10,BM.GSR.GNFS.CD,80895461.74246873,61453251044.35457,0.01059534664173889,0.9768252809637381,2699228285.6323776
PHL,SI.DST.10TH.10,SE.SEC.PROG.ZS,-0.28813757635100373,106.44927675481414,-0.17174777114218331,0.6351890760260683,0.584335363542247
PHL,SI.DST.10TH.10,SE.XPD.MPRM.ZS,0.7179772626309586,61.450701005627614,0.18092394663907244,0.6169313774158935,1.3798844602028926
PHL,SI.DST.10TH.10,SE.XPD.MSEC.ZS,0.13470037900625734,74.15503849728334,0.034606548021008966,0.9243887725770379,1.3753249734482664
PHL,SI.DST.10TH.10,SE.XPD.MTER.ZS,0.8635688509376245,45.813611229610565,0.2580587973314907,0.47161086646765693,1.1430586665905993
PHL,SI.DST.10TH.10,SE.XPD.CPRM.ZS,0.2588802418927569,85.65120661873787,0.16262975025586648,0.6535081471980555,0.5553073178308898
PHL,SI.DST.10TH.10,SE.XPD.CSEC.ZS,0.3602895517943097,81.2701518921618,0.20292662991825217,0.5739303199647567,0.6146619806461725
PHL,SI.DST.10TH.10,SE.XPD.CTER.ZS,0.5584743212192721,74.97307224313099,0.20779557942390395,0.5645710474170069,0.9294740298415339
PHL,SI.DST.10TH.10,SE.XPD.CTOT.ZS,0.2818750130953044,84.20420357009361,0.16574825146742722,0.6472234011204021,0.5929438643835329
PHL,SI.DST.10TH.10,SI.DST.10TH.10,1.0,0.0,1.0,4.375000000000076e-80,0.0
PHL,SI.DST.10TH.10,SI.DST.05TH.20,1.0226170527614313,15.248529067628134,0.9827115249621612,3.82794945577117e-07,0.06811615057335188
PHL,SI.DST.10TH.10,SI.DST.FRST.10,-0.11696540368543791,6.424991211281322,-0.8549685476681022,0.0016187094479909374,0.02508774723108515
PHL,SI.DST.10TH.10,SI.DST.FRST.20,-0.2610653144746489,14.752547007732478,-0.909494093311871,0.0002628573446127178,0.04218926113986847
PHL,SI.DST.10TH.10,SI.POV.GAPS,0.24791665012163824,-3.8178577762953134,0.1743462333219318,0.6300004482162307,0.495045589146004
PHL,SI.DST.05TH.20,BN.KLT.DINV.CD,274118117.70776856,-13212779618.972527,0.4415435972689059,0.20142630924467858,196937165.99136427
PHL,SI.DST.05TH.20,BX.GSR.GNFS.CD,1742455609.7813385,-33380658428.81733,0.2592692515169762,0.4694597150429649,2294854744.508091
PHL,SI.DST.05TH.20,BM.GSR.GNFS.CD,1281691438.1439605,504972186.18434143,0.17468735777470148,0.6293203630204849,2554155946.320118
PHL,SI.DST.05TH.20,SE.SEC.PROG.ZS,-0.07255676125291385,100.3527356197508,-0.045004514481864315,0.9017517783098513,0.5694250347912716
PHL,SI.DST.05TH.20,SE.XPD.MPRM.ZS,0.4167689161979246,64.91931326500622,0.10928678841804176,0.7637700424604988,1.3402120881498192
PHL,SI.DST.05TH.20,SE.XPD.MSEC.ZS,-0.27865071304681943,92.53294098040591,-0.07449662589701991,0.8379400177468691,1.3187731407185788
PHL,SI.DST.05TH.20,SE.XPD.MTER.ZS,0.8441784081934439,32.95115234074459,0.2625082284633075,0.463724960839326,1.097089411347074
PHL,SI.DST.05TH.20,SE.XPD.CPRM.ZS,0.22480470871372255,83.1993382833029,0.1469580816551089,0.6853823967639241,0.5349656479291606
PHL,SI.DST.05TH.20,SE.XPD.CSEC.ZS,0.2453889688837806,81.20994732576418,0.14382334720334997,0.6918138870585001,0.5969553094079795
PHL,SI.DST.05TH.20,SE.XPD.CTER.ZS,0.5808155209099987,64.92203224217451,0.22488386144941264,0.5321991684236935,0.88974545032778
PHL,SI.DST.05TH.20,SE.XPD.CTOT.ZS,0.24846087337556738,81.35133224343488,0.15203282481376923,0.6750092332851765,0.5710808489075739
PHL,SI.DST.05TH.20,SI.DST.10TH.10,0.9443632283323088,-13.246076457092443,0.9827115249621612,3.82794945577117e-07,0.06290369174200255
PHL,SI.DST.05TH.20,SI.DST.05TH.20,1.0,0.0,1.0,4.375000000000076e-80,0.0
PHL,SI.DST.05TH.20,SI.DST.FRST.10,-0.12177812763179921,8.53669382449252,-0.926294292034734,0.0001180437918864124,0.017514074426848388
PHL,SI.DST.05TH.20,SI.DST.FRST.20,-0.26586107888950145,19.17044667707265,-0.9638122731393617,7.181874506738226e-06,0.025998479767701414
PHL,SI.DST.05TH.20,SI.POV.GAPS,0.07153238098613954,0.9754143773705612,0.05234757119133537,0.8858029614036003,0.4824644217620177
PHL,SI.DST.FRST.10,BN.KLT.DINV.CD,-1419331068.5471976,3934736599.99088,-0.3005660088513357,0.39875896156284607,1592349582.072432
PHL,SI.DST.FRST.10,BX.GSR.GNFS.CD,-22183309183.046627,108350941292.13696,-0.433946238055283,0.2102055308866669,16283234825.58417
PHL,SI.DST.FRST.10,BM.GSR.GNFS.CD,-20591733948.287693,115388481779.6915,-0.36897013546850227,0.29407409976772797,18339126782.487297
PHL,SI.DST.FRST.10,SE.SEC.PROG.ZS,-1.3387795516253684,100.07780557912083,-0.10917107002175913,0.7640142237270386,4.3097584802360185
PHL,SI.DST.FRST.10,SE.XPD.MPRM.ZS,-2.5688087629188483,92.0121868772659,-0.08855731114431287,0.8077929689130223,10.215336831213918
PHL,SI.DST.FRST.10,SE.XPD.MSEC.ZS,5.396914854168957,65.26800361534782,0.18968907348309227,0.5996660982634147,9.876449366924827
PHL,SI.DST.FRST.10,SE.XPD.MTER.ZS,-6.499343873099788,91.05211551537766,-0.2657042501833327,0.4580969744802288,8.337342584300604
PHL,SI.DST.FRST.10,SE.XPD.CPRM.ZS,-2.262271649136841,99.99345619418654,-0.19442545680955534,0.5904100446654175,4.035329699353752
PHL,SI.DST.FRST.10,SE.XPD.CSEC.ZS,-1.1524125853717584,96.26643062179218,-0.08879789141233653,0.8072790175088208,4.570264544558142
PHL,SI.DST.FRST.10,SE.XPD.CTER.ZS,-5.072349923946522,106.39071995079642,-0.2581960461337247,0.47136673797838546,6.710167410138518
PHL,SI.DST.FRST.10,SE.XPD.CTOT.ZS,-2.6256051820237176,100.2242515986793,-0.21121710354230083,0.5580294140168928,4.295810196708566
PHL,SI.DST.FRST.10,SI.DST.10TH.10,-6.249465179187076,49.21041990063824,-0.8549685476681022,0.0016187094479909374,1.3404391196440013
PHL,SI.DST.FRST.10,SI.DST.05TH.20,-7.04577358957586,67.20083891727515,-0.926294292034734,0.0001180437918864124,1.0133199240479334
PHL,SI.DST.FRST.10,SI.DST.FRST.10,1.0,0.0,1.0,4.375000000000076e-80,0.0
PHL,SI.DST.FRST.10,SI.DST.FRST.20,2.0625342550520687,0.8334773076855058,0.9830127801242072,3.5693297411339944e-07,0.13615102749348706
PHL,SI.DST.FRST.10,SI.POV.GAPS,0.9856084581248535,2.0777917646434902,0.0948240677184829,0.7944274184573962,3.658301656903051
PHL,SI.DST.FRST.20,BN.KLT.DINV.CD,-889376064.7672178,5708209706.72092,-0.39516966469912335,0.2583778962538224,730949107.826496
PHL,SI.DST.FRST.20,BX.GSR.GNFS.CD,-9332019999.689558,108827886612.04883,-0.3830251244578749,0.27461235292395325,7957051691.587738
PHL,SI.DST.FRST.20,BM.GSR.GNFS.CD,-8332420740.64321,113863064326.75546,-0.31326472533064637,0.37811477367547286,8930700408.437288
PHL,SI.DST.FRST.20,SE.SEC.PROG.ZS,-0.3303122283686628,98.71791265199089,-0.05651518511852297,0.8767671367754519,2.0630978807668066
PHL,SI.DST.FRST.20,SE.XPD.MPRM.ZS,-1.4337959465104588,94.17328471292859,-0.10371032658409973,0.7755580897050887,4.861520285276289
PHL,SI.DST.FRST.20,SE.XPD.MSEC.ZS,2.3127597860650746,64.89914425335998,0.17055689545486472,0.6375718270933164,4.72395569614015
PHL,SI.DST.FRST.20,SE.XPD.MTER.ZS,-2.7144222038502197,91.07434690453736,-0.23283506781462585,0.5173984533236131,4.00849065683617
PHL,SI.DST.FRST.20,SE.XPD.CPRM.ZS,-0.9664273066276554,100.12999263220392,-0.1742687730931763,0.6301549122450072,1.9306686107346442
PHL,SI.DST.FRST.20,SE.XPD.CSEC.ZS,-0.505704684311093,96.41589755451967,-0.08175863708729338,0.8223436926134475,2.1795254849112897
PHL,SI.DST.FRST.20,SE.XPD.CTER.ZS,-2.056543080699296,106.03895208015133,-0.2196444321645344,0.5420442912681893,3.2295016062528967
PHL,SI.DST.FRST.20,SE.XPD.CTOT.ZS,-0.9668548819981496,99.45972717234127,-0.16319353968635888,0.6523704700905435,2.066578189120796
PHL,SI.DST.FRST.20,SI.DST.10TH.10,-3.1684772350311845,52.561629752490944,-0.909494093311871,0.0002628573446127178,0.5120393482889884
PHL,SI.DST.FRST.20,SI.DST.05TH.20,-3.4940582567941503,70.51306938526352,-0.9638122731393617,7.181874506738226e-06,0.3416829694510804
PHL,SI.DST.FRST.20,SI.DST.FRST.10,0.4685081586017725,-0.30671414974236955,0.9830127801242072,3.5693297411339944e-07,0.030926937104907667
PHL,SI.DST.FRST.20,SI.DST.FRST.20,1.0,0.0,1.0,4.375000000000076e-80,0.0
PHL,SI.DST.FRST.20,SI.POV.GAPS,0.032381396058650286,4.335909735302269,0.00653659736190175,0.9857018042017952,1.7514170065059833
PHL,SI.POV.GAPS,BN.KLT.DINV.CD,-104130291.25396672,876466321.6032153,-0.22920235650305354,0.5241393714910869,156348922.4301326
PHL,SI.POV.GAPS,BX.GSR.GNFS.CD,-3127641117.4496756,67346137974.82958,-0.6359344460755396,0.04810980454991724,1341937577.370588
PHL,SI.POV.GAPS,BM.GSR.GNFS.CD,-3891286999.1949644,81800478269.65399,-0.7247319381538411,0.017735851010068002,1308005542.5050268
PHL,SI.POV.GAPS,SE.SEC.PROG.ZS,-0.6945188559276864,99.89373673272503,-0.5886652210919959,0.0733966284868132,0.337197681087879
PHL,SI.POV.GAPS,SE.XPD.MPRM.ZS,0.4809593637257623,83.44529452557275,0.17234031094638436,0.6340046196806841,0.9719172039811803
PHL,SI.POV.GAPS,SE.XPD.MSEC.ZS,0.46149508866960465,76.60001960108139,0.1685969340542741,0.6414999024032056,0.9539170240504911
PHL,SI.POV.GAPS,SE.XPD.MTER.ZS,-0.8327113383174801,78.65959695421837,-0.3538419373001257,0.31581919450262635,0.7782041559724371
PHL,SI.POV.GAPS,SE.XPD.CPRM.ZS,-0.23813159566322997,95.44568459954198,-0.2127214268456428,0.5551626408937992,0.386727924633862
PHL,SI.POV.GAPS,SE.XPD.CSEC.ZS,0.021163549433951805,93.30453080658626,0.016949972887452945,0.9629325850594086,0.4413794507362899
PHL,SI.POV.GAPS,SE.XPD.CTER.ZS,-0.346291233156928,95.34413868490915,-0.18321782286887348,0.6123961914759757,0.6569226904401569
PHL,SI.POV.GAPS,SE.XPD.CTOT.ZS,-0.2338126533025991,94.75330901779378,-0.19550303889762546,0.5883115466885112,0.4146742334529851
PHL,SI.POV.GAPS,SI.DST.10TH.10,0.12260817923536657,33.112707556243016,0.1743462333219318,0.6300004482162307,0.2448267927705162
PHL,SI.POV.GAPS,SI.DST.05TH.20,0.03830808050640579,49.504502703386486,0.05234757119133537,0.8858029614036003,0.2583764954492023
PHL,SI.POV.GAPS,SI.DST.FRST.10,0.009122896363720536,2.445682402368709,0.0948240677184829,0.7944274184573962,0.03386162791931511
PHL,SI.POV.GAPS,SI.DST.FRST.20,0.0013194954594987853,5.95702400506393,0.00653659736190175,0.9857018042017952,0.07136773175522951
PHL,SI.POV.GAPS,SI.POV.GAPS,1.0,0.0,1.0,4.375000000000076e-80,0.0
PHL,SI.POV.NAHC,EG.ELC.ACCS.ZS,1.6083688575126274,35.47330574476944,0.1251602002437362,0.8748397997562638,9.015210159901692
PHL,SI.POV.NAHC,SI.POV.NAHC,1.0,0.0,1.0,9.999999999999998e-21,0.0
PHL,SI.POV.NAHC,SL.TLF.PRIM.ZS,-0.37056481573794053,41.53886410955807,-0.33559597668923363,0.6644040233107664,0.7355058242684825
PHL,GC.XPN.TOTL.GD.ZS,GC.XPN.TOTL.GD.ZS,1.0,0.0,1.0,1.9648061969921602e-129,0.0
PHL,GC.XPN.TOTL.GD.ZS,SL.UEM.PRIM.ZS,0.16485217039047564,14.791003820076003,0.03099554025305016,0.9126822181941521,1.4743991230172349
PHL,GC.XPN.TOTL.GD.ZS,SL.UEM.SECO.ZS,-0.20622114605017985,47.448858378936954,-0.10588515108242189,0.7072344414816907,0.5371284131331281
PHL,GC.XPN.TOTL.GD.ZS,SL.UEM.TERT.ZS,0.05622617187366863,36.07785172290151,0.011562311670646894,0.9673783190927976,1.3486309930670628
PHL,GC.REV.XGRT.GD.ZS,GC.REV.XGRT.GD.ZS,1.0,0.0,1.0,2.491593245473548e-208,0.0
PHL,GC.REV.XGRT.GD.ZS,GC.TAX.TOTL.GD.ZS,0.9347816025189964,-0.7530772611509633,0.985460022507301,1.191035625461403e-17,0.035170127184967745
PHL,GC.TAX.TOTL.GD.ZS,GC.REV.XGRT.GD.ZS,1.0388859315835275,1.2319202536916798,0.985460022507301,1.191035625461403e-17,0.039086937789539825
PHL,GC.TAX.TOTL.GD.ZS,GC.TAX.TOTL.GD.ZS,1.0,0.0,1.0,2.491593245473548e-208,0.0
PHL,SL.EMP.MPYR.ZS,SL.EMP.MPYR.ZS,1.0,0.0,1.0,2.6812499999999576e-139,0.0
PHL,SL.EMP.MPYR.ZS,SL.EMP.VULN.ZS,2.772919031776435,30.82470271779375,0.8577256446614518,2.153884186203506e-05,0.44420033019938204
PHL,SL.EMP.VULN.ZS,SL.EMP.MPYR.ZS,0.2653136543401307,-6.98553045403176,0.8577256446614518,2.153884186203506e-05,0.04250120956066652
PHL,SL.EMP.VULN.ZS,SL.EMP.VULN.ZS,1.0,0.0,1.0,2.6812499999999576e-139,0.0
PHL,SL.TLF.ACTI.ZS,NY.GDP.PCAP.PP.CD,-447.54147595770166,34089.72557720868,-0.3551965305253649,0.08143998325107019,245.59271495071235
PHL,SL.TLF.ACTI.ZS,NY.GDP.MKTP.PP.CD,-51075272722.10502,3769362463778.1235,-0.3409443236606355,0.09534586143664746,29364981900.14272
PHL,SL.TLF.ACTI.ZS,SL.TLF.ACTI.ZS,1.0,0.0,1.0,4.766526208731794e-228,0.0
PHL,SL.TLF.PRIM.ZS,EG.ELC.ACCS.ZS,-10.794868541656015,422.31079848038706,-0.9275672105160225,0.07243278948397748,3.0748882897947953
PHL,SL.TLF.PRIM.ZS,SI.POV.NAHC,-0.30392701839682373,35.467082233622065,-0.33559597668923363,0.6644040233107664,0.6032415455802562
PHL,SL.TLF.PRIM.ZS,SL.TLF.PRIM.ZS,1.0,0.0,1.0,9.999999999999998e-21,0.0
PHL,SL.TLF.SECO.ZS,SL.TLF.SECO.ZS,1.0,0.0,1.0,2.5000000000000343e-60,0.0
PHL,SL.TLF.SECO.ZS,SL.TLF.TERT.ZS,0.015265090906152709,26.931888282929517,0.17526049619751172,0.6780537407615788,0.03500783074822452
PHL,SL.TLF.TERT.ZS,SL.TLF.SECO.ZS,2.0121885756355113,-1.4508850455598008,0.17526049619751172,0.6780537407615788,4.614604493509216
PHL,SL.TLF.TERT.ZS,SL.TLF.TERT.ZS,1.0,0.0,1.0,2.5000000000000343e-60,0.0
PHL,SL.UEM.PRIM.ZS,GC.XPN.TOTL.GD.ZS,0.005827788092221312,16.65410741261115,0.03099554025305016,0.9126822181941521,0.052122368980334746
PHL,SL.UEM.PRIM.ZS,SL.UEM.PRIM.ZS,1.0,0.0,1.0,1.9648061969921602e-129,0.0
PHL,SL.UEM.PRIM.ZS,SL.UEM.SECO.ZS,-0.34182896442265653,49.99357123837001,-0.933482504310142,3.73789661440926e-07,0.036422442711438005
PHL,SL.UEM.PRIM.ZS,SL.UEM.TERT.ZS,-0.9068896800236316,52.938937180314014,-0.9918730144874538,5.005365055946453e-13,0.03226430211951256
PHL,SL.UEM.SECO.ZS,GC.XPN.TOTL.GD.ZS,-0.054367194802705486,19.148198649289295,-0.10588515108242189,0.7072344414816907,0.1416060652857155
PHL,SL.UEM.SECO.ZS,SL.UEM.PRIM.ZS,-2.5491976296534635,129.7010347864114,-0.933482504310142,3.73789661440926e-07,0.2716212325161081
PHL,SL.UEM.SECO.ZS,SL.UEM.SECO.ZS,1.0,0.0,1.0,1.9648061969921602e-129,0.0
PHL,SL.UEM.SECO.ZS,SL.UEM.TERT.ZS,2.2096307836265052,-60.18902362900015,0.8849607378426463,1.1666645741740754e-05,0.3224766179525309
PHL,SL.UEM.TERT.ZS,GC.XPN.TOTL.GD.ZS,0.0023776658931991875,16.668383328555116,0.011562311670646894,0.9673783190927976,0.057030272698123885
PHL,SL.UEM.TERT.ZS,SL.UEM.PRIM.ZS,-1.0848200156415855,57.713370672964246,-0.9918730144874538,5.005365055946453e-13,0.038594507690331646
PHL,SL.UEM.TERT.ZS,SL.UEM.SECO.ZS,0.35442822091646686,30.872400624622394,0.8849607378426463,1.1666645741740754e-05,0.051725752028350634
PHL,SL.UEM.TERT.ZS,SL.UEM.TERT.ZS,1.0,0.0,1.0,1.9648061969921602e-129,0.0
PHL,SL.UEM.TOTL.NE.ZS,SL.UEM.TOTL.NE.ZS,1.0,0.0,1.0,0.0,0.0
