country_code,indicator_code_0,indicator_code_1,slope,intercept,r_value,r^2_value,p_value,std_err
PHL,BN.KLT.DINV.CD,BN.KLT.DINV.CD,1,0,1,1,4.38E-80,0
PHL,BX.GSR.GNFS.CD,BX.GSR.GNFS.CD,1,0,1,1,4.38E-80,0
PHL,BM.GSR.GNFS.CD,BM.GSR.GNFS.CD,1,0,1,1,4.38E-80,0
PHL,NY.ADJ.NNTY.KD.ZG,NY.ADJ.NNTY.KD.ZG,1,0,1,1,0,0
PHL,NY.ADJ.AEDU.GN.ZS,NY.ADJ.AEDU.GN.ZS,1,0,1,1,0,0
PHL,NY.GDP.MKTP.KD.ZG,NY.GDP.MKTP.KD.ZG,1,0,1,1,0,0
PHL,NY.GNP.MKTP.KD.ZG,NY.GNP.MKTP.KD.ZG,1,0,1,1,0,0
PHL,NY.GDP.MKTP.KN,NY.GDP.MKTP.KN,1,0,1,1,0,0
PHL,NY.GDP.MKTP.KN,NY.GDP.MKTP.KD,0.023000483,6.10E-05,1,1,0,0
PHL,NY.GDP.PCAP.KN,NY.GDP.PCAP.KN,1,0,1,1,0,0
PHL,NY.GDP.PCAP.KN,NY.GDP.PCAP.KD,0.023000483,9.09E-13,1,1,0,0
PHL,NY.GDP.MKTP.CN,NY.GDP.MKTP.CN,1,0,1,1,0,0
PHL,NE.CON.GOVT.ZS,NE.CON.GOVT.ZS,1,0,1,1,0,0
PHL,NE.TRD.GNFS.ZS,NE.TRD.GNFS.ZS,1,0,1,1,0,0
PHL,NY.GDP.MKTP.KD,NY.GDP.MKTP.KN,43.47734784,-0.002929688,1,1,0,0
PHL,NY.GDP.MKTP.KD,NY.GDP.MKTP.KD,1,0,1,1,0,0
PHL,NY.GDP.PCAP.KD,NY.GDP.PCAP.KN,43.47734784,-2.91E-11,1,1,0,0
PHL,NY.GDP.PCAP.KD,NY.GDP.PCAP.KD,1,0,1,1,0,0
PHL,NY.GDP.PCAP.PP.CD,NY.GDP.PCAP.PP.CD,1,0,1,1,4.77E-228,0
PHL,NY.GDP.MKTP.PP.CD,NY.GDP.MKTP.PP.CD,1,0,1,1,4.77E-228,0
PHL,SE.PRM.PRSL.ZS,SE.PRM.PRSL.ZS,1,0,1,1,3.67E-149,0
PHL,SE.SEC.PROG.ZS,SE.SEC.PROG.ZS,1,0,1,1,4.38E-80,0
PHL,SE.XPD.MPRM.ZS,SE.XPD.MPRM.ZS,1,0,1,1,4.38E-80,0
PHL,SE.XPD.MSEC.ZS,SE.XPD.MSEC.ZS,1,0,1,1,4.38E-80,0
PHL,SE.XPD.MTER.ZS,SE.XPD.MTER.ZS,1,0,1,1,4.38E-80,0
PHL,SE.XPD.CPRM.ZS,SE.XPD.CPRM.ZS,1,0,1,1,4.38E-80,0
PHL,SE.XPD.CSEC.ZS,SE.XPD.CSEC.ZS,1,0,1,1,4.38E-80,0
PHL,SE.XPD.CTER.ZS,SE.XPD.CTER.ZS,1,0,1,1,4.38E-80,0
PHL,SE.XPD.CTOT.ZS,SE.XPD.CTOT.ZS,1,0,1,1,4.38E-80,0
PHL,SE.XPD.TOTL.GD.ZS,SE.XPD.TOTL.GD.ZS,1,0,1,1,5.03E-159,0
PHL,SE.XPD.TOTL.GB.ZS,SE.XPD.TOTL.GB.ZS,1,0,1,1,7.88E-100,0
PHL,SE.ADT.LITR.ZS,SE.ADT.LITR.ZS,1,0,1,1,1.20E-30,0
PHL,SE.PRM.NENR,SE.PRM.NENR,1,0,1,1,1.27E-257,0
PHL,SE.SEC.NENR,SE.SEC.NENR,1,0,1,1,3.67E-149,0
PHL,SE.TER.ENRR,SE.TER.ENRR,1,0,1,1,0,0
PHL,EN.POP.DNST,EN.POP.DNST,1,0,1,1,0,0
PHL,SP.URB.TOTL.IN.ZS,SP.URB.TOTL.IN.ZS,1,0,1,1,0,0
PHL,EG.ELC.ACCS.ZS,EG.ELC.ACCS.ZS,1,0,1,1,1.00E-20,0
PHL,EG.USE.ELEC.KH.PC,EG.USE.ELEC.KH.PC,1,0,1,1,0,0
PHL,SH.XPD.PCAP,SH.XPD.PCAP,1,0,1,1,6.90E-169,0
PHL,SH.XPD.TOTL.ZS,SH.XPD.TOTL.ZS,1,0,1,1,6.90E-169,0
PHL,SH.XPD.OOPC.TO.ZS,SH.XPD.OOPC.TO.ZS,1,0,1,1,6.90E-169,0
PHL,SP.DYN.LE00.IN,SP.DYN.LE00.IN,1,0,1,1,0,0
PHL,SP.POP.GROW,SP.POP.GROW,1,0,1,1,0,0
PHL,SP.POP.TOTL,SP.POP.TOTL,1,0,1,1,0,0
PHL,SI.DST.10TH.10,SI.DST.10TH.10,1,0,1,1,4.38E-80,0
PHL,SI.DST.05TH.20,SI.DST.05TH.20,1,0,1,1,4.38E-80,0
PHL,SI.DST.FRST.10,SI.DST.FRST.10,1,0,1,1,4.38E-80,0
PHL,SI.DST.FRST.20,SI.DST.FRST.20,1,0,1,1,4.38E-80,0
PHL,SI.POV.GAPS,SI.POV.GAPS,1,0,1,1,4.38E-80,0
PHL,SI.POV.NAHC,SI.POV.NAHC,1,0,1,1,1.00E-20,0
PHL,GC.XPN.TOTL.GD.ZS,GC.XPN.TOTL.GD.ZS,1,0,1,1,1.96E-129,0
PHL,GC.REV.XGRT.GD.ZS,GC.REV.XGRT.GD.ZS,1,0,1,1,2.49E-208,0
PHL,GC.TAX.TOTL.GD.ZS,GC.TAX.TOTL.GD.ZS,1,0,1,1,2.49E-208,0
PHL,SL.EMP.MPYR.ZS,SL.EMP.MPYR.ZS,1,0,1,1,2.68E-139,0
PHL,SL.EMP.VULN.ZS,SL.EMP.VULN.ZS,1,0,1,1,2.68E-139,0
PHL,SL.TLF.ACTI.ZS,SL.TLF.ACTI.ZS,1,0,1,1,4.77E-228,0
PHL,SL.TLF.PRIM.ZS,SL.TLF.PRIM.ZS,1,0,1,1,1.00E-20,0
PHL,SL.TLF.SECO.ZS,SL.TLF.SECO.ZS,1,0,1,1,2.50E-60,0
PHL,SL.TLF.TERT.ZS,SL.TLF.TERT.ZS,1,0,1,1,2.50E-60,0
PHL,SL.UEM.PRIM.ZS,SL.UEM.PRIM.ZS,1,0,1,1,1.96E-129,0
PHL,SL.UEM.SECO.ZS,SL.UEM.SECO.ZS,1,0,1,1,1.96E-129,0
PHL,SL.UEM.TERT.ZS,SL.UEM.TERT.ZS,1,0,1,1,1.96E-129,0
PHL,SL.UEM.TOTL.NE.ZS,SL.UEM.TOTL.NE.ZS,1,0,1,1,0,0
PHL,NY.GDP.PCAP.PP.CD,NY.GDP.MKTP.PP.CD,118860711,-1.40369E+11,0.999713757,0.999427597,8.51E-39,593129.9414
PHL,NY.GDP.MKTP.PP.CD,NY.GDP.PCAP.PP.CD,8.41E-09,1182.603903,0.999713757,0.999427597,8.51E-39,4.20E-11
PHL,SL.UEM.PRIM.ZS,SL.UEM.TERT.ZS,-0.90688968,52.93893718,-0.991873014,0.983812077,5.01E-13,0.032264302
PHL,SL.UEM.TERT.ZS,SL.UEM.PRIM.ZS,-1.084820016,57.71337067,-0.991873014,0.983812077,5.01E-13,0.038594508
PHL,GC.REV.XGRT.GD.ZS,GC.TAX.TOTL.GD.ZS,0.934781603,-0.753077261,0.985460023,0.971131456,1.19E-17,0.035170127
PHL,GC.TAX.TOTL.GD.ZS,GC.REV.XGRT.GD.ZS,1.038885932,1.231920254,0.985460023,0.971131456,1.19E-17,0.039086938
PHL,SI.DST.FRST.10,SI.DST.FRST.20,2.062534255,0.833477308,0.98301278,0.966314126,3.57E-07,0.136151027
PHL,SI.DST.FRST.20,SI.DST.FRST.10,0.468508159,-0.30671415,0.98301278,0.966314126,3.57E-07,0.030926937
PHL,SI.DST.10TH.10,SI.DST.05TH.20,1.022617053,15.24852907,0.982711525,0.965721941,3.83E-07,0.068116151
PHL,SI.DST.05TH.20,SI.DST.10TH.10,0.944363228,-13.24607646,0.982711525,0.965721941,3.83E-07,0.062903692
PHL,BX.GSR.GNFS.CD,BM.GSR.GNFS.CD,1.070942386,7222997415,0.98096793,0.962298079,5.61E-07,0.074945928
PHL,BM.GSR.GNFS.CD,BX.GSR.GNFS.CD,0.898552613,-4485215402,0.98096793,0.962298079,5.61E-07,0.06288187
PHL,EN.POP.DNST,SP.DYN.LE00.IN,0.041281047,55.49261799,0.979128227,0.958692085,1.17E-37,0.0011883
PHL,SP.DYN.LE00.IN,EN.POP.DNST,23.22354115,-1280.408405,0.979128227,0.958692085,1.17E-37,0.668503736
PHL,SP.POP.GROW,SP.POP.TOTL,-40731630.42,160315447,-0.977190589,0.954901447,2.41E-37,1215894.488
PHL,SP.POP.TOTL,SP.POP.GROW,-2.34E-08,3.870026283,-0.977190589,0.954901447,2.41E-37,7.00E-10
PHL,NY.GDP.MKTP.KN,SP.POP.GROW,-3.19E-13,3.383087853,-0.963992973,0.929282453,3.68E-32,1.21E-14
PHL,NY.GDP.MKTP.KD,SP.POP.GROW,-1.39E-11,3.383087853,-0.963992973,0.929282453,3.68E-32,5.25E-13
PHL,SP.POP.GROW,NY.GDP.MKTP.KN,-2.91599E+12,1.00665E+13,-0.963992973,0.929282453,3.68E-32,1.10494E+11
PHL,SP.POP.GROW,NY.GDP.MKTP.KD,-67069097065,2.31534E+11,-0.963992973,0.929282453,3.68E-32,2541407168
PHL,NY.GDP.MKTP.KN,NY.GDP.MKTP.CN,2.01892869,-3.28666E+12,0.963950044,0.929199686,3.79E-32,0.076550161
PHL,NY.GDP.MKTP.CN,NY.GDP.MKTP.KN,0.460243936,1.71434E+12,0.963950044,0.929199686,3.79E-32,0.017450714
PHL,NY.GDP.MKTP.CN,NY.GDP.MKTP.KD,0.010585833,39430590315,0.963950044,0.929199686,3.79E-32,0.000401375
PHL,NY.GDP.MKTP.KD,NY.GDP.MKTP.CN,87.77766494,-3.28666E+12,0.963950044,0.929199686,3.79E-32,3.328197975
PHL,SI.DST.05TH.20,SI.DST.FRST.20,-0.265861079,19.17044668,-0.963812273,0.928934098,7.18E-06,0.02599848
PHL,SI.DST.FRST.20,SI.DST.05TH.20,-3.494058257,70.51306939,-0.963812273,0.928934098,7.18E-06,0.341682969
PHL,NY.GDP.MKTP.KN,SP.POP.TOTL,1.32E-05,21795272.69,0.96038641,0.922342056,4.41E-31,5.27E-07
PHL,NY.GDP.MKTP.KD,SP.POP.TOTL,0.000575374,21795272.69,0.96038641,0.922342056,4.41E-31,2.29E-05
PHL,SP.POP.TOTL,NY.GDP.MKTP.KN,69695.56159,-1.29783E+12,0.96038641,0.922342056,4.41E-31,2777.88413
PHL,SP.POP.TOTL,NY.GDP.MKTP.KD,1603.03158,-29850707321,0.96038641,0.922342056,4.41E-31,63.8926767
PHL,NY.GDP.MKTP.KN,NY.GDP.PCAP.KN,5.58E-09,28925.7661,0.952154517,0.906598224,5.92E-29,2.46E-10
PHL,NY.GDP.MKTP.KN,NY.GDP.PCAP.KD,1.28E-10,665.3065915,0.952154517,0.906598224,5.92E-29,5.66E-12
PHL,NY.GDP.PCAP.KN,NY.GDP.MKTP.KN,162392335.7,-4.43127E+12,0.952154517,0.906598224,5.92E-29,7159747.87
PHL,NY.GDP.PCAP.KN,NY.GDP.MKTP.KD,3735102.157,-1.01921E+11,0.952154517,0.906598224,5.92E-29,164677.6592
PHL,NY.GDP.MKTP.KD,NY.GDP.PCAP.KN,2.43E-07,28925.7661,0.952154517,0.906598224,5.92E-29,1.07E-08
PHL,NY.GDP.MKTP.KD,NY.GDP.PCAP.KD,5.58E-09,665.3065915,0.952154517,0.906598224,5.92E-29,2.46E-10
PHL,NY.GDP.PCAP.KD,NY.GDP.MKTP.KN,7060388066,-4.43127E+12,0.952154517,0.906598224,5.92E-29,311286848.6
PHL,NY.GDP.PCAP.KD,NY.GDP.MKTP.KD,162392335.7,-1.01921E+11,0.952154517,0.906598224,5.92E-29,7159747.87
PHL,SE.XPD.CPRM.ZS,SE.XPD.CTOT.ZS,1.00215405,-0.87608675,0.938049536,0.879936932,5.98E-05,0.130878539
PHL,SE.XPD.CTOT.ZS,SE.XPD.CPRM.ZS,0.878045577,12.09925808,0.938049536,0.879936932,5.98E-05,0.114670317
PHL,SL.UEM.PRIM.ZS,SL.UEM.SECO.ZS,-0.341828964,49.99357124,-0.933482504,0.871389586,3.74E-07,0.036422443
PHL,SL.UEM.SECO.ZS,SL.UEM.PRIM.ZS,-2.54919763,129.7010348,-0.933482504,0.871389586,3.74E-07,0.271621233
PHL,EG.ELC.ACCS.ZS,SL.TLF.PRIM.ZS,-0.079702771,38.12715096,-0.927567211,0.86038093,0.072432789,0.022703113
PHL,SL.TLF.PRIM.ZS,EG.ELC.ACCS.ZS,-10.79486854,422.3107985,-0.927567211,0.86038093,0.072432789,3.07488829
PHL,SI.DST.05TH.20,SI.DST.FRST.10,-0.121778128,8.536693824,-0.926294292,0.858021115,0.000118044,0.017514074
PHL,SI.DST.FRST.10,SI.DST.05TH.20,-7.04577359,67.20083892,-0.926294292,0.858021115,0.000118044,1.013319924
PHL,SE.XPD.MSEC.ZS,SE.XPD.CSEC.ZS,0.418068881,60.50248557,0.916528035,0.840023639,0.00019185,0.064503756
PHL,SE.XPD.CSEC.ZS,SE.XPD.MSEC.ZS,2.009294824,-108.9787703,0.916528035,0.840023639,0.00019185,0.310013656
PHL,SH.XPD.PCAP,SH.XPD.TOTL.ZS,0.015305081,2.794768004,0.914652838,0.836589814,4.24E-08,0.001640569
PHL,SH.XPD.TOTL.ZS,SH.XPD.PCAP,54.66092104,-143.3627231,0.914652838,0.836589814,4.24E-08,5.859165441
PHL,SE.XPD.MPRM.ZS,SE.XPD.CPRM.ZS,0.365835351,63.04306167,0.912013773,0.831769121,0.00023552,0.058169072
PHL,SE.XPD.CPRM.ZS,SE.XPD.MPRM.ZS,2.273616039,-128.9311895,0.912013773,0.831769121,0.00023552,0.361512726
PHL,SI.DST.10TH.10,SI.DST.FRST.20,-0.261065314,14.75254701,-0.909494093,0.827179506,0.000262857,0.042189261
PHL,SI.DST.FRST.20,SI.DST.10TH.10,-3.168477235,52.56162975,-0.909494093,0.827179506,0.000262857,0.512039348
PHL,NY.GDP.MKTP.CN,SP.POP.GROW,-1.43E-13,2.827488922,-0.905421397,0.819787906,2.28E-21,9.20E-15
PHL,SP.POP.GROW,NY.GDP.MKTP.CN,-5.73626E+12,1.66633E+13,-0.905421397,0.819787906,2.28E-21,3.6943E+11
PHL,NY.GDP.PCAP.KN,NY.GDP.MKTP.CN,321265668.9,-1.19375E+13,0.899372843,0.80887151,1.09E-20,21451088.18
PHL,NY.GDP.MKTP.CN,NY.GDP.PCAP.KN,2.52E-09,38623.82754,0.899372843,0.80887151,1.09E-20,1.68E-10
PHL,NY.GDP.MKTP.CN,NY.GDP.PCAP.KD,5.79E-11,888.3666889,0.899372843,0.80887151,1.09E-20,3.87E-12
PHL,NY.GDP.PCAP.KD,NY.GDP.MKTP.CN,13967779234,-1.19375E+13,0.899372843,0.80887151,1.09E-20,932636422.4
PHL,SE.XPD.CSEC.ZS,SE.XPD.CTOT.ZS,0.859723841,13.39583758,0.897560996,0.805615741,0.000425038,0.149307131
PHL,SE.XPD.CTOT.ZS,SE.XPD.CSEC.ZS,0.937063395,5.602814687,0.897560996,0.805615741,0.000425038,0.162738592
PHL,NY.GDP.PCAP.KN,SP.POP.GROW,-5.01E-05,4.720112192,-0.888134477,0.788782849,1.56E-19,3.56E-06
PHL,SP.POP.GROW,NY.GDP.PCAP.KN,-15751.87541,83819.05116,-0.888134477,0.788782849,1.56E-19,1119.644612
PHL,NY.GDP.PCAP.KD,SP.POP.GROW,-0.002177149,4.720112192,-0.888134477,0.788782849,1.56E-19,0.000154752
PHL,SP.POP.GROW,NY.GDP.PCAP.KD,-362.3007426,1927.878662,-0.888134477,0.788782849,1.56E-19,25.75236686
PHL,SL.UEM.SECO.ZS,SL.UEM.TERT.ZS,2.209630784,-60.18902363,0.884960738,0.783155508,1.17E-05,0.322476618
PHL,SL.UEM.TERT.ZS,SL.UEM.SECO.ZS,0.354428221,30.87240062,0.884960738,0.783155508,1.17E-05,0.051725752
PHL,NY.GDP.MKTP.CN,SP.POP.TOTL,5.79E-06,45215384.36,0.880564313,0.77539351,8.01E-19,4.28E-07
PHL,SP.POP.TOTL,NY.GDP.MKTP.CN,133840.2223,-5.49818E+12,0.880564313,0.77539351,8.01E-19,9894.612363
PHL,SH.XPD.TOTL.ZS,SH.XPD.OOPC.TO.ZS,8.974539518,17.23673872,0.877530811,0.770060324,8.02E-07,1.189411948
PHL,SH.XPD.OOPC.TO.ZS,SH.XPD.TOTL.ZS,0.085804996,-0.633889063,0.877530811,0.770060324,8.02E-07,0.011371891
PHL,NY.GDP.PCAP.KN,SP.POP.TOTL,2028.934731,-31461793.71,0.863314621,0.745312135,2.28E-17,162.9165377
PHL,NY.GDP.PCAP.KD,SP.POP.TOTL,88212.70106,-31461793.71,0.863314621,0.745312135,2.28E-17,7083.178977
PHL,SP.POP.TOTL,NY.GDP.PCAP.KN,0.000367342,22974.3607,0.863314621,0.745312135,2.28E-17,2.95E-05
PHL,SP.POP.TOTL,NY.GDP.PCAP.KD,8.45E-06,528.4213928,0.863314621,0.745312135,2.28E-17,6.78E-07
PHL,SE.XPD.MTER.ZS,SE.XPD.CSEC.ZS,0.457015629,59.17528106,0.861383855,0.741982145,0.001361761,0.095282734
PHL,SE.XPD.CSEC.ZS,SE.XPD.MTER.ZS,1.623537791,-76.75080021,0.861383855,0.741982145,0.001361761,0.338489781
PHL,SE.XPD.MPRM.ZS,SE.XPD.CTOT.ZS,0.368844256,62.11261343,0.860696504,0.740798472,0.001387766,0.077137715
PHL,SE.XPD.CTOT.ZS,SE.XPD.MPRM.ZS,2.008431634,-102.5551802,0.860696504,0.740798472,0.001387766,0.420030473
PHL,SL.EMP.MPYR.ZS,SL.EMP.VULN.ZS,2.772919032,30.82470272,0.857725645,0.735693282,2.15E-05,0.44420033
PHL,SL.EMP.VULN.ZS,SL.EMP.MPYR.ZS,0.265313654,-6.985530454,0.857725645,0.735693282,2.15E-05,0.04250121
PHL,SI.DST.10TH.10,SI.DST.FRST.10,-0.116965404,6.424991211,-0.854968548,0.730971218,0.001618709,0.025087747
PHL,SI.DST.FRST.10,SI.DST.10TH.10,-6.249465179,49.2104199,-0.854968548,0.730971218,0.001618709,1.34043912
PHL,SH.XPD.PCAP,SH.XPD.OOPC.TO.ZS,0.145724174,41.83703144,0.851534915,0.725111712,3.76E-06,0.021761198
PHL,SH.XPD.OOPC.TO.ZS,SH.XPD.PCAP,4.975919192,-192.3618807,0.851534915,0.725111712,3.76E-06,0.743061083
PHL,SP.URB.TOTL.IN.ZS,SP.POP.TOTL,2899782.334,-59986536.14,0.851390553,0.724865874,1.79E-16,245397.9151
PHL,SP.POP.TOTL,SP.URB.TOTL.IN.ZS,2.50E-07,26.33114642,0.851390553,0.724865874,1.79E-16,2.12E-08
PHL,SE.XPD.MTER.ZS,SE.XPD.CTOT.ZS,0.430303233,61.46971661,0.846730658,0.716952808,0.001998028,0.095590285
PHL,SE.XPD.CTOT.ZS,SE.XPD.MTER.ZS,1.66615715,-81.22129966,0.846730658,0.716952808,0.001998028,0.3701307
PHL,SE.XPD.CSEC.ZS,SE.XPD.CTER.ZS,1.274160928,-25.2313298,0.841724568,0.708500249,0.002257712,0.28895378
PHL,SE.XPD.CTER.ZS,SE.XPD.CSEC.ZS,0.556052406,41.25612929,0.841724568,0.708500249,0.002257712,0.126101375
PHL,SE.XPD.MPRM.ZS,SE.XPD.MSEC.ZS,0.825284256,8.026355311,0.841409985,0.707970762,0.002274804,0.187397621
PHL,SE.XPD.MSEC.ZS,SE.XPD.MPRM.ZS,0.857850804,18.11916747,0.841409985,0.707970762,0.002274804,0.19479252
PHL,SE.XPD.MTER.ZS,SE.XPD.CTER.ZS,0.672537789,43.4106094,0.837390611,0.701223036,0.002501488,0.155209095
PHL,SE.XPD.CTER.ZS,SE.XPD.MTER.ZS,1.042652245,-22.88728615,0.837390611,0.701223036,0.002501488,0.240624562
PHL,NE.TRD.GNFS.ZS,SP.URB.TOTL.IN.ZS,0.231550327,27.03053321,0.820686544,0.673526404,1.73E-14,0.022143904
PHL,SP.URB.TOTL.IN.ZS,NE.TRD.GNFS.ZS,2.908768958,-58.6441287,0.820686544,0.673526404,1.73E-14,0.278174945
PHL,NE.TRD.GNFS.ZS,SP.POP.TOTL,763686.6609,12750613.56,0.794713419,0.631569418,4.38E-13,80120.66773
PHL,SP.POP.TOTL,NE.TRD.GNFS.ZS,8.27E-07,12.00461048,0.794713419,0.631569418,4.38E-13,8.68E-08
PHL,NY.GDP.MKTP.KD.ZG,NY.GNP.MKTP.KD.ZG,0.932212593,0.693614456,0.791242754,0.626065096,1.08E-12,0.099908296
PHL,NY.GNP.MKTP.KD.ZG,NY.GDP.MKTP.KD.ZG,0.671590472,1.104544232,0.791242754,0.626065096,1.08E-12,0.071976564
PHL,SE.XPD.MSEC.ZS,SE.XPD.CTOT.ZS,0.345620051,66.49748448,0.791046189,0.625754074,0.00642562,0.094499744
PHL,SE.XPD.CTOT.ZS,SE.XPD.MSEC.ZS,1.810525958,-90.94596089,0.791046189,0.625754074,0.00642562,0.495035632
PHL,BX.GSR.GNFS.CD,SE.XPD.MSEC.ZS,-4.39E-10,102.0224297,-0.788293173,0.621406127,0.006746833,1.21E-10
PHL,SE.XPD.MSEC.ZS,BX.GSR.GNFS.CD,-1416364128,1.64635E+11,-0.788293173,0.621406127,0.006746833,390866950.8
PHL,SE.XPD.MPRM.ZS,SE.XPD.CSEC.ZS,0.351009396,63.34570662,0.784550232,0.615519066,0.007201618,0.098082245
PHL,SE.XPD.CSEC.ZS,SE.XPD.MPRM.ZS,1.753568632,-78.16041804,0.784550232,0.615519066,0.007201618,0.489998131
PHL,SP.URB.TOTL.IN.ZS,SP.POP.GROW,-0.062216181,5.038781033,-0.761411266,0.579747116,1.49E-11,0.007276147
PHL,SP.POP.GROW,SP.URB.TOTL.IN.ZS,-9.318269023,64.26810644,-0.761411266,0.579747116,1.49E-11,1.089766272
PHL,SE.XPD.CPRM.ZS,SE.XPD.CSEC.ZS,0.843658012,13.78674744,0.756402092,0.572144124,0.011343285,0.257939273
PHL,SE.XPD.CSEC.ZS,SE.XPD.CPRM.ZS,0.678170675,31.02578746,0.756402092,0.572144124,0.011343285,0.207343317
PHL,SE.PRM.PRSL.ZS,SE.SEC.NENR,0.565367843,18.4161906,0.742368842,0.551111497,0.000642868,0.131745254
PHL,SE.SEC.NENR,SE.PRM.PRSL.ZS,0.974783946,12.27502551,0.742368842,0.551111497,0.000642868,0.22714974
PHL,NE.TRD.GNFS.ZS,SP.POP.GROW,-0.017103246,3.522115515,-0.741867591,0.550367523,9.16E-11,0.002123455
PHL,SP.POP.GROW,NE.TRD.GNFS.ZS,-32.17912711,140.8578501,-0.741867591,0.550367523,9.16E-11,3.995202178
PHL,BM.GSR.GNFS.CD,SI.POV.GAPS,-1.35E-10,13.1914325,-0.724731938,0.525236382,0.017735851,4.54E-11
PHL,SI.POV.GAPS,BM.GSR.GNFS.CD,-3891286999,81800478270,-0.724731938,0.525236382,0.017735851,1308005543
PHL,SE.XPD.MTER.ZS,SE.XPD.CPRM.ZS,0.34245508,68.72132589,0.71991795,0.518281855,0.018887783,0.116727214
PHL,SE.XPD.CPRM.ZS,SE.XPD.MTER.ZS,1.513430184,-67.92990129,0.71991795,0.518281855,0.018887783,0.515858865
PHL,SE.XPD.MSEC.ZS,SE.XPD.CPRM.ZS,0.293516057,71.27036968,0.7177009,0.515094581,0.019435319,0.100686652
PHL,SE.XPD.CPRM.ZS,SE.XPD.MSEC.ZS,1.754911083,-86.91589078,0.7177009,0.515094581,0.019435319,0.601998143
PHL,SE.XPD.MSEC.ZS,SE.XPD.MTER.ZS,0.614242507,26.55342402,0.714450434,0.510439423,0.020257785,0.212679675
PHL,SE.XPD.MTER.ZS,SE.XPD.MSEC.ZS,0.831006348,16.45752195,0.714450434,0.510439423,0.020257785,0.287733522
PHL,SE.XPD.CTER.ZS,SE.XPD.CTOT.ZS,0.445287414,51.93719445,0.703719686,0.495221397,0.023143436,0.158944752
PHL,SE.XPD.CTOT.ZS,SE.XPD.CTER.ZS,1.112138771,-10.4253575,0.703719686,0.495221397,0.023143436,0.396976461
PHL,NY.GDP.MKTP.KD,SP.URB.TOTL.IN.ZS,1.23E-10,33.16970992,0.69701855,0.48583486,3.39E-09,1.73E-11
PHL,SP.URB.TOTL.IN.ZS,NY.GDP.MKTP.KD,3962570313,-97751494859,0.69701855,0.48583486,3.39E-09,559945842.8
PHL,NY.GDP.MKTP.KN,SP.URB.TOTL.IN.ZS,2.82E-12,33.16970992,0.69701855,0.48583486,3.39E-09,3.98E-13
PHL,SP.URB.TOTL.IN.ZS,NY.GDP.MKTP.KN,1.72282E+11,-4.24998E+12,0.69701855,0.48583486,3.39E-09,24344960180
PHL,BM.GSR.GNFS.CD,SE.XPD.MSEC.ZS,-3.51E-10,101.1952716,-0.687862858,0.473155312,0.027907112,1.31E-10
PHL,SE.XPD.MSEC.ZS,BM.GSR.GNFS.CD,-1349274496,1.70351E+11,-0.687862858,0.473155312,0.027907112,503378614.5
PHL,BX.GSR.GNFS.CD,SI.POV.GAPS,-1.29E-10,11.40545657,-0.635934446,0.40441262,0.048109805,5.55E-11
PHL,SI.POV.GAPS,BX.GSR.GNFS.CD,-3127641117,67346137975,-0.635934446,0.40441262,0.048109805,1341937577
PHL,NE.TRD.GNFS.ZS,NY.GDP.MKTP.KD,1017990010,3210624778,0.634662423,0.402796391,1.96E-07,170264461.1
PHL,NY.GDP.MKTP.KD,NE.TRD.GNFS.ZS,3.96E-10,35.28079743,0.634662423,0.402796391,1.96E-07,6.62E-11
PHL,NY.GDP.MKTP.KN,NE.TRD.GNFS.ZS,9.10E-12,35.28079743,0.634662423,0.402796391,1.96E-07,1.52E-12
PHL,NE.TRD.GNFS.ZS,NY.GDP.MKTP.KN,44259505778,1.39589E+11,0.634662423,0.402796391,1.96E-07,7402647201
PHL,SE.SEC.PROG.ZS,SE.XPD.MPRM.ZS,-1.458595466,226.7401341,-0.616636191,0.380240192,0.05758923,0.65837383
PHL,SE.XPD.MPRM.ZS,SE.SEC.PROG.ZS,-0.260689273,119.0694043,-0.616636191,0.380240192,0.05758923,0.117668675
PHL,SE.XPD.MPRM.ZS,SE.XPD.MTER.ZS,0.515618694,30.73913942,0.611455692,0.373878064,0.06032879,0.235910966
PHL,SE.XPD.MTER.ZS,SE.XPD.MPRM.ZS,0.725105719,31.32166306,0.611455692,0.373878064,0.06032879,0.331757542
PHL,SE.XPD.MSEC.ZS,SE.XPD.CTER.ZS,0.414402028,61.16643591,0.600157868,0.360189466,0.066597513,0.195270693
PHL,SE.XPD.CTER.ZS,SE.XPD.MSEC.ZS,0.869178822,-2.817796071,0.600157868,0.360189466,0.066597513,0.40956641
PHL,SE.SEC.PROG.ZS,SI.POV.GAPS,-0.498945046,52.80106545,-0.588665221,0.346526743,0.073396628,0.242244125
PHL,SI.POV.GAPS,SE.SEC.PROG.ZS,-0.694518856,99.89373673,-0.588665221,0.346526743,0.073396628,0.337197681
PHL,NY.GDP.PCAP.KN,SP.URB.TOTL.IN.ZS,0.000396174,23.44266183,0.574146927,0.329644694,4.58E-06,7.76E-05
PHL,NY.GDP.PCAP.KD,SP.URB.TOTL.IN.ZS,0.017224574,23.44266183,0.574146927,0.329644694,4.58E-06,0.003373961
PHL,SP.URB.TOTL.IN.ZS,NY.GDP.PCAP.KN,832.0714818,10544.68407,0.574146927,0.329644694,4.58E-06,162.9867063
PHL,SP.URB.TOTL.IN.ZS,NY.GDP.PCAP.KD,19.13804598,242.5328267,0.574146927,0.329644694,4.58E-06,3.748772967
PHL,BX.GSR.GNFS.CD,SE.XPD.CSEC.ZS,-1.46E-10,101.1447183,-0.57360435,0.32902195,0.082967828,7.35E-11
PHL,SE.XPD.CSEC.ZS,BX.GSR.GNFS.CD,-2259422770,2.64212E+11,-0.57360435,0.32902195,0.082967828,1140759852
PHL,BX.GSR.GNFS.CD,SE.SEC.PROG.ZS,1.36E-10,89.51126512,0.567270629,0.321795966,0.087221403,6.98E-11
PHL,SE.SEC.PROG.ZS,BX.GSR.GNFS.CD,2364717139,-1.75601E+11,0.567270629,0.321795966,0.087221403,1213735604
PHL,BM.GSR.GNFS.CD,SE.SEC.PROG.ZS,1.22E-10,88.93680745,0.553928511,0.306836796,0.096632759,6.47E-11
PHL,SE.SEC.PROG.ZS,BM.GSR.GNFS.CD,2520890135,-1.79715E+11,0.553928511,0.306836796,0.096632759,1339593267
PHL,BX.GSR.GNFS.CD,SE.XPD.MPRM.ZS,-3.07E-10,101.9311628,-0.54040116,0.292033414,0.106809556,1.69E-10
PHL,SE.XPD.MPRM.ZS,BX.GSR.GNFS.CD,-952356005.9,1.34725E+11,-0.54040116,0.292033414,0.106809556,524257242.6
PHL,NE.CON.GOVT.ZS,NE.TRD.GNFS.ZS,10.30723533,-40.36651585,0.526920475,0.277645187,3.58E-05,2.283675897
PHL,NE.TRD.GNFS.ZS,NE.CON.GOVT.ZS,0.026936921,8.205636377,0.526920475,0.277645187,3.58E-05,0.005968157
PHL,NY.GDP.MKTP.CN,SP.URB.TOTL.IN.ZS,1.01E-12,38.71162912,0.52325682,0.2737977,4.15E-05,2.26E-13
PHL,SP.URB.TOTL.IN.ZS,NY.GDP.MKTP.CN,2.7088E+11,-8.69675E+12,0.52325682,0.2737977,4.15E-05,60597264105
PHL,NY.GDP.MKTP.CN,NE.TRD.GNFS.ZS,3.51E-12,52.56696301,0.51194493,0.262087612,6.47E-05,8.08E-13
PHL,NE.TRD.GNFS.ZS,NY.GDP.MKTP.CN,74774492467,-2.11235E+12,0.51194493,0.262087612,6.47E-05,17234341463
PHL,SE.SEC.PROG.ZS,SE.XPD.MSEC.ZS,-1.153154248,190.2557988,-0.497033493,0.247042294,0.143867179,0.711773878
PHL,SE.XPD.MSEC.ZS,SE.SEC.PROG.ZS,-0.214231786,113.6061881,-0.497033493,0.247042294,0.143867179,0.132232604
PHL,NY.GDP.PCAP.KN,NE.TRD.GNFS.ZS,0.001188816,7.911673067,0.486094169,0.236287541,0.00016828,0.000293577
PHL,NE.TRD.GNFS.ZS,NY.GDP.PCAP.KN,198.7586735,32663.15064,0.486094169,0.236287541,0.00016828,49.08317883
PHL,NE.TRD.GNFS.ZS,NY.GDP.PCAP.KD,4.571545491,751.2682411,0.486094169,0.236287541,0.00016828,1.12893682
PHL,NY.GDP.PCAP.KD,NE.TRD.GNFS.ZS,0.051686578,7.911673067,0.486094169,0.236287541,0.00016828,0.012763929
PHL,BM.GSR.GNFS.CD,SE.XPD.CSEC.ZS,-1.12E-10,100.5704598,-0.480443139,0.230825609,0.159870076,7.21E-11
PHL,SE.XPD.CSEC.ZS,BM.GSR.GNFS.CD,-2066038255,2.57146E+11,-0.480443139,0.230825609,0.159870076,1333410215
PHL,SE.XPD.CPRM.ZS,SE.XPD.CTER.ZS,0.786956533,19.51291169,0.466103915,0.21725286,0.17452838,0.528121375
PHL,SE.XPD.CTER.ZS,SE.XPD.CPRM.ZS,0.276067166,68.4787712,0.466103915,0.21725286,0.17452838,0.185266867
PHL,BN.KLT.DINV.CD,SI.DST.05TH.20,7.11E-10,49.39005167,0.441543597,0.194960748,0.201426309,5.11E-10
PHL,SI.DST.05TH.20,BN.KLT.DINV.CD,274118117.7,-13212779619,0.441543597,0.194960748,0.201426309,196937166
PHL,BX.GSR.GNFS.CD,SI.DST.FRST.10,-8.49E-12,2.9384425,-0.433946238,0.188309338,0.210205531,6.23E-12
PHL,SI.DST.FRST.10,BX.GSR.GNFS.CD,-22183309183,1.08351E+11,-0.433946238,0.188309338,0.210205531,16283234826
PHL,BM.GSR.GNFS.CD,SE.XPD.MPRM.ZS,-2.25E-10,100.0453666,-0.432350245,0.186926734,0.212077338,1.66E-10
PHL,SE.XPD.MPRM.ZS,BM.GSR.GNFS.CD,-831821342.7,1.354E+11,-0.432350245,0.186926734,0.212077338,613358230.9
PHL,BN.KLT.DINV.CD,SI.DST.10TH.10,6.29E-10,33.41354147,0.406034588,0.164864086,0.244315444,5.00E-10
PHL,SI.DST.10TH.10,BN.KLT.DINV.CD,262309585.2,-8426578884,0.406034588,0.164864086,0.244315444,208729925.1
PHL,SE.XPD.MPRM.ZS,SE.XPD.CTER.ZS,0.271311657,70.54511589,0.400604836,0.160484234,0.251288484,0.219392462
PHL,SE.XPD.CTER.ZS,SE.XPD.MPRM.ZS,0.591512492,30.15401082,0.400604836,0.160484234,0.251288484,0.478318489
PHL,BN.KLT.DINV.CD,SI.DST.FRST.20,-1.76E-10,6.034086459,-0.395169665,0.156159064,0.258377896,1.44E-10
PHL,SI.DST.FRST.20,BN.KLT.DINV.CD,-889376064.8,5708209707,-0.395169665,0.156159064,0.258377896,730949107.8
PHL,BX.GSR.GNFS.CD,SI.DST.FRST.20,-1.57E-11,6.799056798,-0.383025124,0.146708246,0.274612353,1.34E-11
PHL,SI.DST.FRST.20,BX.GSR.GNFS.CD,-9332020000,1.08828E+11,-0.383025124,0.146708246,0.274612353,7957051692
PHL,BM.GSR.GNFS.CD,SI.DST.FRST.10,-6.61E-12,2.911294926,-0.368970135,0.136138961,0.2940741,5.89E-12
PHL,SI.DST.FRST.10,BM.GSR.GNFS.CD,-20591733948,1.15388E+11,-0.368970135,0.136138961,0.2940741,18339126782
PHL,BN.KLT.DINV.CD,BM.GSR.GNFS.CD,4.31746704,62428868741,0.365318086,0.133457304,0.299248279,3.889626025
PHL,BM.GSR.GNFS.CD,BN.KLT.DINV.CD,0.030911019,-1578911240,0.365318086,0.133457304,0.299248279,0.02784788
PHL,NY.GDP.PCAP.PP.CD,SL.TLF.ACTI.ZS,-0.000281906,68.22697504,-0.355196531,0.126164575,0.081439983,0.000154699
PHL,SL.TLF.ACTI.ZS,NY.GDP.PCAP.PP.CD,-447.541476,34089.72558,-0.355196531,0.126164575,0.081439983,245.592715
PHL,SE.XPD.MTER.ZS,SI.POV.GAPS,-0.150357166,15.7889846,-0.353841937,0.125204117,0.315819195,0.140515165
PHL,SI.POV.GAPS,SE.XPD.MTER.ZS,-0.832711338,78.65959695,-0.353841937,0.125204117,0.315819195,0.778204156
PHL,BN.KLT.DINV.CD,BX.GSR.GNFS.CD,3.772589106,51653680051,0.348492107,0.121446749,0.323704388,3.587447971
PHL,BX.GSR.GNFS.CD,BN.KLT.DINV.CD,0.032191883,-1307137976,0.348492107,0.121446749,0.323704388,0.030612055
PHL,SE.SEC.PROG.ZS,SE.XPD.CPRM.ZS,-0.328808014,126.1787902,-0.346539124,0.120089364,0.326608131,0.314676573
PHL,SE.XPD.CPRM.ZS,SE.SEC.PROG.ZS,-0.365226391,131.2136478,-0.346539124,0.120089364,0.326608131,0.349529768
PHL,NY.GDP.MKTP.PP.CD,SL.TLF.ACTI.ZS,-2.28E-12,67.86117041,-0.340944324,0.116243032,0.095345861,1.31E-12
PHL,SL.TLF.ACTI.ZS,NY.GDP.MKTP.PP.CD,-51075272722,3.76936E+12,-0.340944324,0.116243032,0.095345861,29364981900
PHL,SI.POV.NAHC,SL.TLF.PRIM.ZS,-0.370564816,41.53886411,-0.335595977,0.11262466,0.664404023,0.735505824
PHL,SL.TLF.PRIM.ZS,SI.POV.NAHC,-0.303927018,35.46708223,-0.335595977,0.11262466,0.664404023,0.603241546
PHL,NE.CON.GOVT.ZS,SP.URB.TOTL.IN.ZS,1.740451532,24.05141206,0.315352828,0.099447406,0.019017467,0.719418844
PHL,SP.URB.TOTL.IN.ZS,NE.CON.GOVT.ZS,0.057138854,7.50002745,0.315352828,0.099447406,0.019017467,0.023618451
PHL,BX.GSR.GNFS.CD,SE.XPD.CTOT.ZS,-7.64E-11,97.75940252,-0.314338091,0.098808435,0.376394355,8.16E-11
PHL,SE.XPD.CTOT.ZS,BX.GSR.GNFS.CD,-1292668236,1.74297E+11,-0.314338091,0.098808435,0.376394355,1380236894
PHL,BM.GSR.GNFS.CD,SI.DST.FRST.20,-1.18E-11,6.718840438,-0.313264725,0.098134788,0.378114774,1.26E-11
PHL,SI.DST.FRST.20,BM.GSR.GNFS.CD,-8332420741,1.13863E+11,-0.313264725,0.098134788,0.378114774,8930700408
PHL,NE.CON.GOVT.ZS,SP.POP.TOTL,5751193.479,2817319.994,0.305954047,0.093607879,0.023106144,2458226.536
PHL,SP.POP.TOTL,NE.CON.GOVT.ZS,1.63E-08,8.885986501,0.305954047,0.093607879,0.023106144,6.96E-09
PHL,SE.SEC.PROG.ZS,SE.XPD.CSEC.ZS,-0.323647904,124.7127523,-0.305822168,0.093527198,0.390149473,0.356234709
PHL,SE.XPD.CSEC.ZS,SE.SEC.PROG.ZS,-0.28897823,123.7389375,-0.305822168,0.093527198,0.390149473,0.318074285
PHL,BN.KLT.DINV.CD,SI.DST.FRST.10,-6.36E-11,2.512769212,-0.300566009,0.090339926,0.398758962,7.14E-11
PHL,SI.DST.FRST.10,BN.KLT.DINV.CD,-1419331069,3934736600,-0.300566009,0.090339926,0.398758962,1592349582
PHL,NE.CON.GOVT.ZS,SP.POP.GROW,-0.130565603,3.761960729,-0.289520634,0.083822198,0.032034849,0.059292697
PHL,SP.POP.GROW,NE.CON.GOVT.ZS,-0.641992958,11.44342505,-0.289520634,0.083822198,0.032034849,0.291543048
PHL,SE.SEC.PROG.ZS,SE.XPD.CTOT.ZS,-0.287513807,121.5108323,-0.283635033,0.080448832,0.427099782,0.343670133
PHL,SE.XPD.CTOT.ZS,SE.SEC.PROG.ZS,-0.279808586,122.9647504,-0.283635033,0.080448832,0.427099782,0.334459951
PHL,BN.KLT.DINV.CD,SE.XPD.CTER.ZS,1.11E-09,93.32600621,0.267041492,0.071311158,0.455751295,1.42E-09
PHL,SE.XPD.CTER.ZS,BN.KLT.DINV.CD,64189349.04,-5614546407,0.267041492,0.071311158,0.455751295,81898198.02
PHL,SE.XPD.MTER.ZS,SI.DST.FRST.10,-0.010862442,3.300469274,-0.26570425,0.070598749,0.458096974,0.013934315
PHL,SI.DST.FRST.10,SE.XPD.MTER.ZS,-6.499343873,91.05211552,-0.26570425,0.070598749,0.458096974,8.337342584
PHL,SE.XPD.MTER.ZS,SI.DST.05TH.20,0.081630339,43.56484695,0.262508228,0.06891057,0.463724961,0.10608632
PHL,SI.DST.05TH.20,SE.XPD.MTER.ZS,0.844178408,32.95115234,0.262508228,0.06891057,0.463724961,1.097089411
PHL,BX.GSR.GNFS.CD,SI.DST.05TH.20,3.86E-11,47.62637858,0.259269252,0.067220545,0.469459715,5.08E-11
PHL,SI.DST.05TH.20,BX.GSR.GNFS.CD,1742455610,-33380658429,0.259269252,0.067220545,0.469459715,2294854745
PHL,SE.XPD.CTER.ZS,SI.DST.FRST.10,-0.013142863,3.719482269,-0.258196046,0.066665198,0.471366738,0.017386578
PHL,SI.DST.FRST.10,SE.XPD.CTER.ZS,-5.072349924,106.39072,-0.258196046,0.066665198,0.471366738,6.71016741
PHL,SE.XPD.MTER.ZS,SI.DST.10TH.10,0.077115267,27.89297278,0.258058797,0.066594343,0.471610866,0.102073245
PHL,SI.DST.10TH.10,SE.XPD.MTER.ZS,0.863568851,45.81361123,0.258058797,0.066594343,0.471610866,1.143058667
PHL,BX.GSR.GNFS.CD,SE.XPD.CTER.ZS,-9.80E-11,98.98950276,-0.255106384,0.065079267,0.476875836,1.31E-10
PHL,SE.XPD.CTER.ZS,BX.GSR.GNFS.CD,-663822719.2,1.15432E+11,-0.255106384,0.065079267,0.476875836,889555783.3
PHL,BX.GSR.GNFS.CD,SE.XPD.MTER.ZS,-1.15E-10,81.01562585,-0.2407893,0.057979487,0.502765018,1.64E-10
PHL,SE.XPD.MTER.ZS,BX.GSR.GNFS.CD,-503218470.9,90866200649,-0.2407893,0.057979487,0.502765018,717141040.2
PHL,NY.GDP.MKTP.KN,NE.CON.GOVT.ZS,1.75E-13,9.356695137,0.238298198,0.056786031,0.079771902,9.78E-14
PHL,NE.CON.GOVT.ZS,NY.GDP.MKTP.KN,3.25074E+11,-3.54924E+11,0.238298198,0.056786031,0.079771902,1.81982E+11
PHL,NE.CON.GOVT.ZS,NY.GDP.MKTP.KD,7476848962,-8163412523,0.238298198,0.056786031,0.079771902,4185670389
PHL,NY.GDP.MKTP.KD,NE.CON.GOVT.ZS,7.59E-12,9.356695137,0.238298198,0.056786031,0.079771902,4.25E-12
PHL,SE.XPD.MTER.ZS,SI.DST.FRST.20,-0.0199719,7.458660586,-0.232835068,0.054212169,0.517398453,0.029493265
PHL,SI.DST.FRST.20,SE.XPD.MTER.ZS,-2.714422204,91.0743469,-0.232835068,0.054212169,0.517398453,4.008490657
PHL,BN.KLT.DINV.CD,SI.POV.GAPS,-5.04E-10,4.733251942,-0.229202357,0.05253372,0.524139371,7.57E-10
PHL,SI.POV.GAPS,BN.KLT.DINV.CD,-104130291.3,876466321.6,-0.229202357,0.05253372,0.524139371,156348922.4
PHL,BX.GSR.GNFS.CD,SE.XPD.CPRM.ZS,-5.17E-11,97.1191021,-0.227340575,0.051683737,0.527607963,7.84E-11
PHL,SE.XPD.CPRM.ZS,BX.GSR.GNFS.CD,-998793561.2,1.47434E+11,-0.227340575,0.051683737,0.527607963,1512621905
PHL,SE.XPD.CTER.ZS,SI.DST.05TH.20,0.087071969,41.51275768,0.224883861,0.050572751,0.532199168,0.133384673
PHL,SI.DST.05TH.20,SE.XPD.CTER.ZS,0.580815521,64.92203224,0.224883861,0.050572751,0.532199168,0.88974545
PHL,SE.XPD.CTER.ZS,SI.DST.FRST.20,-0.023458627,8.162851157,-0.219644432,0.048243677,0.542044291,0.036838359
PHL,SI.DST.FRST.20,SE.XPD.CTER.ZS,-2.056543081,106.0389521,-0.219644432,0.048243677,0.542044291,3.229501606
PHL,SE.XPD.CPRM.ZS,SI.POV.GAPS,-0.190022686,22.46090627,-0.212721427,0.045250405,0.555162641,0.308598608
PHL,SI.POV.GAPS,SE.XPD.CPRM.ZS,-0.238131596,95.4456846,-0.212721427,0.045250405,0.555162641,0.386727925
PHL,SE.XPD.CTOT.ZS,SI.DST.FRST.10,-0.016991384,4.078997007,-0.211217104,0.044612665,0.558029414,0.027799975
PHL,SI.DST.FRST.10,SE.XPD.CTOT.ZS,-2.625605182,100.2242516,-0.211217104,0.044612665,0.558029414,4.295810197
PHL,NY.GDP.MKTP.CN,NE.CON.GOVT.ZS,7.36E-14,9.672841967,0.210373448,0.044256988,0.123159866,4.70E-14
PHL,NE.CON.GOVT.ZS,NY.GDP.MKTP.CN,6.01061E+11,-3.45888E+12,0.210373448,0.044256988,0.123159866,3.83672E+11
PHL,SE.XPD.CTER.ZS,SI.DST.10TH.10,0.077316004,26.41763098,0.207795579,0.043179003,0.564571047,0.128677748
PHL,SI.DST.10TH.10,SE.XPD.CTER.ZS,0.558474321,74.97307224,0.207795579,0.043179003,0.564571047,0.92947403
PHL,SE.XPD.CSEC.ZS,SI.DST.10TH.10,0.114294786,22.99282352,0.20292663,0.041179217,0.57393032,0.194989444
PHL,SI.DST.10TH.10,SE.XPD.CSEC.ZS,0.360289552,81.27015189,0.20292663,0.041179217,0.57393032,0.614661981
PHL,BM.GSR.GNFS.CD,SE.XPD.CTOT.ZS,-4.37E-11,96.49797265,-0.19612785,0.038466133,0.587096043,7.72E-11
PHL,SE.XPD.CTOT.ZS,BM.GSR.GNFS.CD,-880522851.7,1.46677E+11,-0.19612785,0.038466133,0.587096043,1556462508
PHL,SE.XPD.CTOT.ZS,SI.POV.GAPS,-0.163470358,19.84525248,-0.195503039,0.038221438,0.588311547,0.289919919
PHL,SI.POV.GAPS,SE.XPD.CTOT.ZS,-0.233812653,94.75330902,-0.195503039,0.038221438,0.588311547,0.414674233
PHL,SE.XPD.CPRM.ZS,SI.DST.FRST.10,-0.016709425,4.063821419,-0.194425457,0.037801258,0.590410045,0.029805456
PHL,SI.DST.FRST.10,SE.XPD.CPRM.ZS,-2.262271649,99.99345619,-0.194425457,0.037801258,0.590410045,4.035329699
PHL,SE.XPD.MSEC.ZS,SI.DST.FRST.10,0.006667132,1.962362498,0.189689073,0.035981945,0.599666098,0.012200969
PHL,SI.DST.FRST.10,SE.XPD.MSEC.ZS,5.396914854,65.26800362,0.189689073,0.035981945,0.599666098,9.876449367
PHL,BM.GSR.GNFS.CD,SE.XPD.CTER.ZS,-6.62E-11,98.02197654,-0.187959062,0.035328609,0.603059965,1.22E-10
PHL,SE.XPD.CTER.ZS,BM.GSR.GNFS.CD,-533955853.9,1.14249E+11,-0.187959062,0.035328609,0.603059965,986476604.2
PHL,SE.XPD.CTER.ZS,SI.POV.GAPS,-0.096937974,13.61943469,-0.183217823,0.033568771,0.612396191,0.183893638
PHL,SI.POV.GAPS,SE.XPD.CTER.ZS,-0.346291233,95.34413868,-0.183217823,0.033568771,0.612396191,0.65692269
PHL,SE.XPD.MPRM.ZS,SI.DST.10TH.10,0.045591241,29.76431566,0.180923947,0.032733474,0.616931377,0.087622058
PHL,SI.DST.10TH.10,SE.XPD.MPRM.ZS,0.717977263,61.45070101,0.180923947,0.032733474,0.616931377,1.37988446
PHL,SL.TLF.SECO.ZS,SL.TLF.TERT.ZS,0.015265091,26.93188828,0.175260496,0.030716242,0.678053741,0.035007831
PHL,SL.TLF.TERT.ZS,SL.TLF.SECO.ZS,2.012188576,-1.450885046,0.175260496,0.030716242,0.678053741,4.614604494
PHL,BM.GSR.GNFS.CD,SI.DST.05TH.20,2.38E-11,48.15001956,0.174687358,0.030515673,0.629320363,4.74E-11
PHL,SI.DST.05TH.20,BM.GSR.GNFS.CD,1281691438,504972186.2,0.174687358,0.030515673,0.629320363,2554155946
PHL,SI.DST.10TH.10,SI.POV.GAPS,0.24791665,-3.817857776,0.174346233,0.030396609,0.630000448,0.495045589
PHL,SI.POV.GAPS,SI.DST.10TH.10,0.122608179,33.11270756,0.174346233,0.030396609,0.630000448,0.244826793
PHL,SE.XPD.CPRM.ZS,SI.DST.FRST.20,-0.031424614,8.928452433,-0.174268773,0.030369605,0.630154912,0.062778148
PHL,SI.DST.FRST.20,SE.XPD.CPRM.ZS,-0.966427307,100.1299926,-0.174268773,0.030369605,0.630154912,1.930668611
PHL,SE.XPD.MPRM.ZS,SI.POV.GAPS,0.061754038,-0.758600538,0.172340311,0.029701183,0.63400462,0.124791856
PHL,SI.POV.GAPS,SE.XPD.MPRM.ZS,0.480959364,83.44529453,0.172340311,0.029701183,0.63400462,0.971917204
PHL,SE.SEC.PROG.ZS,SI.DST.10TH.10,-0.102372267,43.57233879,-0.171747771,0.029497297,0.635189076,0.207608243
PHL,SI.DST.10TH.10,SE.SEC.PROG.ZS,-0.288137576,106.4492768,-0.171747771,0.029497297,0.635189076,0.584335364
PHL,SE.XPD.MSEC.ZS,SI.DST.FRST.20,0.012577897,4.973243632,0.170556895,0.029089655,0.637571827,0.025691137
PHL,SI.DST.FRST.20,SE.XPD.MSEC.ZS,2.312759786,64.89914425,0.170556895,0.029089655,0.637571827,4.723955696
PHL,BN.KLT.DINV.CD,SE.SEC.PROG.ZS,4.42E-10,96.56918843,0.170320095,0.029008935,0.638045984,9.05E-10
PHL,SE.SEC.PROG.ZS,BN.KLT.DINV.CD,65585560.17,-5940428650,0.170320095,0.029008935,0.638045984,134154413.5
PHL,SE.XPD.MSEC.ZS,SI.POV.GAPS,0.061593128,-0.31777132,0.168596934,0.028424926,0.641499902,0.127313887
PHL,SI.POV.GAPS,SE.XPD.MSEC.ZS,0.461495089,76.6000196,0.168596934,0.028424926,0.641499902,0.953917024
PHL,SE.XPD.CTOT.ZS,SI.DST.10TH.10,0.097463349,24.53623274,0.165748251,0.027472483,0.647223401,0.205020993
PHL,SI.DST.10TH.10,SE.XPD.CTOT.ZS,0.281875013,84.20420357,0.165748251,0.027472483,0.647223401,0.592943864
PHL,SE.XPD.CTOT.ZS,SI.DST.FRST.20,-0.027545118,8.543822479,-0.16319354,0.026632131,0.65237047,0.058875577
PHL,SI.DST.FRST.20,SE.XPD.CTOT.ZS,-0.966854882,99.45972717,-0.16319354,0.026632131,0.65237047,2.066578189
PHL,SE.XPD.CPRM.ZS,SI.DST.10TH.10,0.102164752,24.0269998,0.16262975,0.026448436,0.653508147,0.219147023
PHL,SI.DST.10TH.10,SE.XPD.CPRM.ZS,0.258880242,85.65120662,0.16262975,0.026448436,0.653508147,0.555307318
PHL,NE.CON.GOVT.ZS,NY.GDP.PCAP.KD,29.10030867,744.3019174,0.158182285,0.025021635,0.248727495,24.95165212
PHL,NY.GDP.PCAP.KD,NE.CON.GOVT.ZS,0.000859841,8.967728755,0.158182285,0.025021635,0.248727495,0.000737259
PHL,NY.GDP.PCAP.KN,NE.CON.GOVT.ZS,1.98E-05,8.967728755,0.158182285,0.025021635,0.248727495,1.70E-05
PHL,NE.CON.GOVT.ZS,NY.GDP.PCAP.KN,1265.204242,32360.27336,0.158182285,0.025021635,0.248727495,1084.831658
PHL,SE.XPD.CTOT.ZS,SI.DST.05TH.20,0.093028651,40.96173903,0.152032825,0.02311398,0.675009233,0.213823932
PHL,SI.DST.05TH.20,SE.XPD.CTOT.ZS,0.248460873,81.35133224,0.152032825,0.02311398,0.675009233,0.571080849
PHL,SE.XPD.CPRM.ZS,SI.DST.05TH.20,0.096068618,40.61227477,0.146958082,0.021596678,0.685382397,0.228613586
PHL,SI.DST.05TH.20,SE.XPD.CPRM.ZS,0.224804709,83.19933828,0.146958082,0.021596678,0.685382397,0.534965648
PHL,SE.SEC.PROG.ZS,SE.XPD.CTER.ZS,0.234376232,71.10029284,0.146303748,0.021404787,0.686723397,0.560292315
PHL,SE.XPD.CTER.ZS,SE.SEC.PROG.ZS,0.09132661,88.18403622,0.146303748,0.021404787,0.686723397,0.218322469
PHL,BN.KLT.DINV.CD,SE.XPD.MTER.ZS,7.55E-10,74.58244625,0.145816505,0.021262453,0.687722471,1.81E-09
PHL,SE.XPD.MTER.ZS,BN.KLT.DINV.CD,28150072.36,-1703249348,0.145816505,0.021262453,0.687722471,67524435.45
PHL,SE.XPD.CSEC.ZS,SI.DST.05TH.20,0.084295375,41.80477988,0.143823347,0.020685155,0.691813887,0.205064523
PHL,SI.DST.05TH.20,SE.XPD.CSEC.ZS,0.245388969,81.20994733,0.143823347,0.020685155,0.691813887,0.596955309
PHL,BM.GSR.GNFS.CD,SE.XPD.MTER.ZS,-6.20E-11,78.86543086,-0.141393029,0.019991989,0.696812397,1.53E-10
PHL,SE.XPD.MTER.ZS,BM.GSR.GNFS.CD,-322595784,88335472302,-0.141393029,0.019991989,0.696812397,798547046.9
PHL,EG.ELC.ACCS.ZS,SI.POV.NAHC,0.009739728,24.99267588,0.1251602,0.015665076,0.8748398,0.05459301
PHL,SI.POV.NAHC,EG.ELC.ACCS.ZS,1.608368858,35.47330574,0.1251602,0.015665076,0.8748398,9.01521016
PHL,BN.KLT.DINV.CD,SE.XPD.CSEC.ZS,3.05E-10,93.27679011,0.111075468,0.012337759,0.759998087,9.66E-10
PHL,SE.XPD.CSEC.ZS,BN.KLT.DINV.CD,40416309.57,-3370038461,0.111075468,0.012337759,0.759998087,127849118.3
PHL,SE.XPD.MPRM.ZS,SI.DST.05TH.20,0.028657613,47.22423321,0.109286788,0.011943602,0.763770042,0.092154854
PHL,SI.DST.05TH.20,SE.XPD.MPRM.ZS,0.416768916,64.91931327,0.109286788,0.011943602,0.763770042,1.340212088
PHL,SE.SEC.PROG.ZS,SI.DST.FRST.10,-0.008902379,3.348289654,-0.10917107,0.011918323,0.764014224,0.028658267
PHL,SI.DST.FRST.10,SE.SEC.PROG.ZS,-1.338779552,100.0778056,-0.10917107,0.011918323,0.764014224,4.30975848
PHL,GC.XPN.TOTL.GD.ZS,SL.UEM.SECO.ZS,-0.206221146,47.44885838,-0.105885151,0.011211665,0.707234441,0.537128413
PHL,SL.UEM.SECO.ZS,GC.XPN.TOTL.GD.ZS,-0.054367195,19.14819865,-0.105885151,0.011211665,0.707234441,0.141606065
PHL,SE.XPD.MPRM.ZS,SI.DST.FRST.20,-0.007501648,6.605317765,-0.103710327,0.010755832,0.77555809,0.025435566
PHL,SI.DST.FRST.20,SE.XPD.MPRM.ZS,-1.433795947,94.17328471,-0.103710327,0.010755832,0.77555809,4.861520285
PHL,BX.GSR.GNFS.CD,SI.DST.10TH.10,1.44E-11,32.9008377,0.100885332,0.01017785,0.78154577,5.03E-11
PHL,SI.DST.10TH.10,BX.GSR.GNFS.CD,705546620.9,29426707721,0.100885332,0.01017785,0.78154577,2459978326
PHL,BM.GSR.GNFS.CD,SE.XPD.CPRM.ZS,-2.02E-11,95.66060385,-0.096665255,0.009344172,0.790509576,7.34E-11
PHL,SE.XPD.CPRM.ZS,BM.GSR.GNFS.CD,-463639553.5,1.07929E+11,-0.096665255,0.009344172,0.790509576,1687821380
PHL,SI.DST.FRST.10,SI.POV.GAPS,0.985608458,2.077791765,0.094824068,0.008991604,0.794427418,3.658301657
PHL,SI.POV.GAPS,SI.DST.FRST.10,0.009122896,2.445682402,0.094824068,0.008991604,0.794427418,0.033861628
PHL,SE.XPD.CSEC.ZS,SI.DST.FRST.10,-0.006842224,3.126066363,-0.088797891,0.007885066,0.807279018,0.027135052
PHL,SI.DST.FRST.10,SE.XPD.CSEC.ZS,-1.152412585,96.26643062,-0.088797891,0.007885066,0.807279018,4.570264545
PHL,SE.XPD.MPRM.ZS,SI.DST.FRST.10,-0.003052932,2.748402867,-0.088557311,0.007842397,0.807792969,0.01214054
PHL,SI.DST.FRST.10,SE.XPD.MPRM.ZS,-2.568808763,92.01218688,-0.088557311,0.007842397,0.807792969,10.21533683
PHL,BN.KLT.DINV.CD,SE.XPD.MPRM.ZS,-5.41E-10,85.84254472,-0.088053416,0.007753404,0.808869653,2.16E-09
PHL,SE.XPD.MPRM.ZS,BN.KLT.DINV.CD,-14334505.09,1632231582,-0.088053416,0.007753404,0.808869653,57332556.52
PHL,SE.XPD.CSEC.ZS,SI.DST.FRST.20,-0.013218139,7.197579199,-0.081758637,0.006684475,0.822343693,0.056968566
PHL,SI.DST.FRST.20,SE.XPD.CSEC.ZS,-0.505704684,96.41589755,-0.081758637,0.006684475,0.822343693,2.179525485
PHL,BN.KLT.DINV.CD,SE.XPD.MSEC.ZS,-4.79E-10,78.88418521,-0.079553423,0.006328747,0.82707406,2.12E-09
PHL,SE.XPD.MSEC.ZS,BN.KLT.DINV.CD,-13203815.99,1443870240,-0.079553423,0.006328747,0.82707406,58494759.97
PHL,SE.XPD.MSEC.ZS,SI.DST.05TH.20,-0.019916501,51.24523209,-0.074496626,0.005549747,0.837940018,0.094259033
PHL,SI.DST.05TH.20,SE.XPD.MSEC.ZS,-0.278650713,92.53294098,-0.074496626,0.005549747,0.837940018,1.318773141
PHL,NY.GDP.MKTP.KD.ZG,SP.DYN.LE00.IN,-0.070694172,64.11078005,-0.067768829,0.004592614,0.626325657,0.144328595
PHL,SP.DYN.LE00.IN,NY.GDP.MKTP.KD.ZG,-0.064964538,8.345218979,-0.067768829,0.004592614,0.626325657,0.132631026
PHL,NY.GNP.MKTP.KD.ZG,EN.POP.DNST,1.255434153,195.7905087,0.059780103,0.003573661,0.667633823,2.90708819
PHL,EN.POP.DNST,NY.GNP.MKTP.KD.ZG,0.002846554,4.034717227,0.059780103,0.003573661,0.667633823,0.006591491
PHL,SE.SEC.PROG.ZS,SI.DST.FRST.20,-0.009669537,6.89851084,-0.056515185,0.003193966,0.876767137,0.06039498
PHL,SI.DST.FRST.20,SE.SEC.PROG.ZS,-0.330312228,98.71791265,-0.056515185,0.003193966,0.876767137,2.063097881
PHL,SI.DST.05TH.20,SI.POV.GAPS,0.071532381,0.975414377,0.052347571,0.002740268,0.885802961,0.482464422
PHL,SI.POV.GAPS,SI.DST.05TH.20,0.038308081,49.5045027,0.052347571,0.002740268,0.885802961,0.258376495
PHL,SE.SEC.PROG.ZS,SI.DST.05TH.20,-0.027914784,52.37870681,-0.045004514,0.002025406,0.901751778,0.219075061
PHL,SI.DST.05TH.20,SE.SEC.PROG.ZS,-0.072556761,100.3527356,-0.045004514,0.002025406,0.901751778,0.569425035
PHL,BN.KLT.DINV.CD,SE.XPD.CPRM.ZS,1.02E-10,94.32581507,0.041471403,0.001719877,0.90943717,8.70E-10
PHL,SE.XPD.CPRM.ZS,BN.KLT.DINV.CD,16830652.34,-1183401078,0.041471403,0.001719877,0.90943717,143361797.7
PHL,SE.XPD.MSEC.ZS,SI.DST.10TH.10,0.008890941,32.96837066,0.034606548,0.001197613,0.924388773,0.090778762
PHL,SI.DST.10TH.10,SE.XPD.MSEC.ZS,0.134700379,74.1550385,0.034606548,0.001197613,0.924388773,1.375324973
PHL,NY.GNP.MKTP.KD.ZG,SP.DYN.LE00.IN,0.029034134,63.68009007,0.032791439,0.001075278,0.813904658,0.12271937
PHL,SP.DYN.LE00.IN,NY.GNP.MKTP.KD.ZG,0.037034976,2.245168643,0.032791439,0.001075278,0.813904658,0.156536746
PHL,GC.XPN.TOTL.GD.ZS,SL.UEM.PRIM.ZS,0.16485217,14.79100382,0.03099554,0.000960724,0.912682218,1.474399123
PHL,SL.UEM.PRIM.ZS,GC.XPN.TOTL.GD.ZS,0.005827788,16.65410741,0.03099554,0.000960724,0.912682218,0.052122369
PHL,SE.XPD.CSEC.ZS,SI.POV.GAPS,0.013575302,3.261061601,0.016949973,0.000287302,0.962932585,0.28312167
PHL,SI.POV.GAPS,SE.XPD.CSEC.ZS,0.021163549,93.30453081,0.016949973,0.000287302,0.962932585,0.441379451
PHL,GC.XPN.TOTL.GD.ZS,SL.UEM.TERT.ZS,0.056226172,36.07785172,0.011562312,0.000133687,0.967378319,1.348630993
PHL,SL.UEM.TERT.ZS,GC.XPN.TOTL.GD.ZS,0.002377666,16.66838333,0.011562312,0.000133687,0.967378319,0.057030273
PHL,BM.GSR.GNFS.CD,SI.DST.10TH.10,1.39E-12,33.57893963,0.010595347,0.000112261,0.976825281,4.63E-11
PHL,SI.DST.10TH.10,BM.GSR.GNFS.CD,80895461.74,61453251044,0.010595347,0.000112261,0.976825281,2699228286
PHL,NY.GDP.MKTP.KD.ZG,EN.POP.DNST,-0.203860685,202.4323244,-0.008239313,6.78863E-05,0.952848094,3.431042401
PHL,EN.POP.DNST,NY.GDP.MKTP.KD.ZG,-0.000333003,4.26670432,-0.008239313,6.78863E-05,0.952848094,0.005604554
PHL,SI.DST.FRST.20,SI.POV.GAPS,0.032381396,4.335909735,0.006536597,4.27271E-05,0.985701804,1.751417007
PHL,SI.POV.GAPS,SI.DST.FRST.20,0.001319495,5.957024005,0.006536597,4.27271E-05,0.985701804,0.071367732
PHL,BN.KLT.DINV.CD,SE.XPD.CTOT.ZS,1.62E-11,93.68779545,0.006170274,3.80723E-05,0.986503039,9.31E-10
PHL,SE.XPD.CTOT.ZS,BN.KLT.DINV.CD,2343947.956,185245501.9,0.006170274,3.80723E-05,0.986503039,134304401.5
PHL,SE.SEC.PROG.ZS,SE.XPD.MTER.ZS,0.009721674,73.94769227,0.004873843,2.37543E-05,0.989338722,0.705211457
PHL,SE.XPD.MTER.ZS,SE.SEC.PROG.ZS,0.002443442,96.56527575,0.004873843,2.37543E-05,0.989338722,0.177247589
