Aruba,ABW,,,,,,,,,,,,,,,,,,,,,,,,,,,,,,,,6.099999905,,,6.400000095,,,7.400000095,,,6.900000095,6.900000095,,,,,,5.699999809,,,10.60000038,8.899999619,,,,,
Afghanistan,AFG,,,,,,,,,,,,,,,,,,,,,,,,,,,,,,,,,,,,,,,,,,,,,,8.5,,,,,,8.199999809,,,,,
Angola,AGO,,,,,,,,,,,,,,,,,,,,,,,,,14.19999981,14.89999962,18.89999962,,,,,,,,,,,,,,,,,,23.60000038,,,,,,,7.400000095,,,,,
Albania,ALB,,,,,,,,,,,,,,,,,,,,,5.599999905,5.099999905,3.599999905,4.400000095,5.699999809,6.699999809,6.400000095,6.099999905,7,7.300000191,9.5,9.100000381,26.5,22.29999924,18.39999962,12.89999962,12.30000019,14.89999962,17.70000076,18.39999962,16.79999924,22.70000076,15.80000019,15,14.39999962,14.10000038,13.80000019,13.5,13,13.80000019,14.19999981,14,13.39999962,15.60000038,17.5,17.10000038,15.19999981
Andorra,AND,,,,,,,,,,,,,,,,,,,,,,,,,,,,,,,,,,,,,,,,,,,,,,,,,,,,,,,,,
Arab World,ARB,,,,,,,,,,,,,,,,,,,,,,,,,,,,,,,,,,,,,,,,,12.19310901,,,14.10121899,13.33096514,11.95853997,11.02646586,10.91694636,10.00408073,9.281449941,,10.25310872,,,,,
United Arab Emirates,ARE,,,,,,,,,,,,,,,,2,,,,,1.200000048,,,,,1.200000048,,,,,,,,,,1.799999952,,,,,2.200000048,,,,,3.099999905,,,4,4.199999809,,,,,,,1.600000024
Argentina,ARG,,,,,,,,,,,4.800000191,6,6.599999905,5.599999905,3.400000095,2.299999952,4.5,2.799999952,2.799999952,2,2.299999952,4.5,4.699999809,4.199999809,3.599999905,5.300000191,4.400000095,5.300000191,6,7.300000191,7.099999905,5.599999905,6.400000095,10.10000038,12,18.79999924,17.20000076,14.89999962,12.69999981,14.10000038,15,17.39999962,19.60000038,15.39999962,13.5,11.5,10.10000038,8.5,7.800000191,8.600000381,7.699999809,7.199999809,7.199999809,7.099999905,7.300000191,,
Armenia,ARM,,,,,,,,,,,,,,,,,,,,,,,,,,,,,,,,,1.799999952,5.300000191,6.599999905,6.699999809,9.300000191,10.80000019,9.399999619,11.19999981,,,,10.10000038,9.600000381,8.199999809,7.5,28.29999924,28.60000038,18.70000076,19,18.39999962,17.29999924,16.20000076,17.5,18.29999924,18
American Samoa,ASM,,,,,,,,,,,,,,,12.19999981,13.39999962,19.10000038,14.89999962,15.19999981,14.39999962,12.39999962,10.60000038,12.80000019,13,13.10000038,12.5,13.39999962,,,,5.099999905,,,,,,,,,,5,,,,,10,,,,,9.199999809,,,,,,
Antigua and Barbuda,ATG,,,,,,,,,,,,,,20.5,19.5,19.39999962,20.70000076,,,,,,,,,,,,,,,,,,,,,,,,,8.399999619,,,,,,,,,,,,,,,
Australia,AUS,,,,,,,,,,,,,,,,,,,,6.300000191,6.099999905,5.800000191,7.199999809,10,9,8.300000191,8.100000381,8.100000381,7.199999809,6.199999809,6.900000095,9.600000381,10.69999981,10.89999962,9.699999809,8.5,8.5,8.399999619,7.699999809,6.900000095,6.300000191,6.699999809,6.400000095,5.900000095,5.400000095,5,4.800000191,4.400000095,4.199999809,5.599999905,5.199999809,5.099999905,5.199999809,5.699999809,6.099999905,6.099999905,5.699999809
Austria,AUT,,,,,,,,,,2.799999952,2.400000095,1.5,1.299999952,1.200000048,1.299999952,2,2,1.799999952,2.099999905,2,1.899999976,2.099999905,3.400000095,4.099999905,3.799999952,3.599999905,3.099999905,3.799999952,3.599999905,3.099999905,3.200000048,3.400000095,3.599999905,4.199999809,3.5,4.400000095,5.300000191,5.199999809,5.5,4.699999809,4.699999809,4,4.800000191,4.800000191,5.800000191,5.599999905,5.199999809,4.900000095,4.099999905,5.300000191,4.800000191,4.599999905,4.900000095,5.300000191,5.599999905,5.699999809,6
Azerbaijan,AZE,,,,,,,,,,,,,,,,,,,,,,,,,,,,,,,,0.100000001,0.200000003,0.5,0.600000024,0.800000012,0.899999976,1,1.100000024,16.20000076,11.80000019,10.89999962,10,9.199999809,8,7.300000191,6.599999905,6.5,6,5.699999809,5.599999905,5.400000095,5.199999809,5,4.900000095,5,5
Burundi,BDI,,,,,,,,,,,,,,,,,,,,,,,,,,,,,,,0.5,,,,,,,,,14,,,,,,,,,,,,,,,1.600000024,,
Belgium,BEL,,,,,,,,,,,,2.099999905,2.700000048,2.799999952,3,5.099999905,6.5,5.699999809,7.900000095,7,9.100000381,11.39999962,13,11.69999981,11.89999962,11.30000019,11.30000019,11.30000019,10.10000038,8.300000191,7.199999809,7,6.699999809,8.100000381,9.600000381,9.300000191,9.5,9,9.300000191,8.600000381,6.599999905,6.199999809,6.900000095,7.699999809,7.400000095,8.399999619,8.199999809,7.5,7,7.900000095,8.300000191,7.099999905,7.5,8.399999619,8.5,8.5,7.800000191
Benin,BEN,,,,,,,,,,,,,,,,,,,,,,,,,,,0.200000003,,,,,,1.5,,,,,,,,,,0.699999988,,,,,,,,1,2.599999905,,,,,
Burkina Faso,BFA,,,,,,,,,,,,,,,,,,,,,,,,,,,,,,,,,,,2.599999905,,,,2.5,,,,,2.799999952,,4,2.299999952,3.299999952,,,,,,,6.5,,
Bangladesh,BGD,,,,,,,,,,,,,,,,,,,,,,,,,2,2,1,,,0.899999976,,2.200000048,,,,,2.5,,,,3.299999952,,,4.300000191,,4.199999809,3.599999905,,,5,3.400000095,,,4.400000095,,,4.400000095
Bulgaria,BGR,,,,,,,,,,,,,,,,,,,,,,,,,,,,,,,1.700000048,11.10000038,15.30000019,21.39999962,20.20000076,15.89999962,13.80000019,13.69999981,12.19999981,14.10000038,16.20000076,19.89999962,18.10000038,13.69999981,12,10.10000038,9,6.900000095,5.599999905,6.800000191,10.30000019,11.30000019,12.30000019,12.89999962,11.39999962,9.100000381,7.599999905
Bahrain,BHR,,,,,,,,,,,,,,,,,,,,,,3.099999905,,,,,,,,,,6.400000095,,,,,,,,,,5.5,,,9,,,5.599999905,3.700000048,4,1.100000024,1.200000048,1.200000048,,,,
"Bahamas, The",BHS,,,,,,,,,,,,,,8.5,,21.20000076,,20.70000076,,,,,,,,,12.19999981,,11,11.69999981,7.800000191,12.19999981,14.80000019,12.69999981,13.80000019,10.80000019,11.5,9.800000191,7.599999905,7.400000095,,6.900000095,9,10.80000019,10.19999981,10.19999981,7.599999905,7.900000095,8.199999809,14.19999981,,14.5,14,16.20000076,,,
Bosnia and Herzegovina,BIH,,,,,,,,,,,,,,,,,,,,,,,,,,,,,,,,17.60000038,,,,,,,,,,,,,,,31.10000038,28.89999962,23.29999924,24,27.20000076,27.60000038,28,27.39999962,27.5,26.29999924,25.10000038
Belarus,BLR,,,,,,,,,,,,,,,,,,,,,,,,,,,,,,,,0,0.5,1.399999976,2.099999905,2.900000095,4,2.799999952,2.299999952,2.099999905,2.099999905,2.299999952,3,3.099999905,1.899999976,1.5,1.200000048,1,0.800000012,6.099999905,1.200000048,0.600000024,0.5,0.5,0.5,1,
Belize,BLZ,,,,,,,,,,,,,,,,,,,,,,,,,,,,,,,,3.799999952,,9.800000191,11.10000038,12.5,13.80000019,12.69999981,14.30000019,12.80000019,,9.100000381,10,,,11,9.399999619,8.5,8.199999809,,22.89999962,,14.30000019,11.69999981,11.60000038,10,7.900000095
Bermuda,BMU,,,,,,,,,,,,,,,,,,,,,,,,,,,,,,,,,,,,,,,,,2.700000048,,,,,,,,,4.5,6.5,,8.399999619,6.699999809,8.899999619,,
Bolivia,BOL,,,,,,,,,,,,9,8.100000381,7.099999905,6.099999905,5.199999809,5.300000191,5.300000191,5.5,5.599999905,5.800000191,9.699999809,10.5,14.19999981,14.69999981,18,19.79999924,20.29999924,18,10.10000038,7.300000191,5.900000095,5.5,6,3.099999905,3.700000048,5.199999809,2.099999905,,4.099999905,4.5,5.199999809,5.5,,4.199999809,5.400000095,5.099999905,5.199999809,2.599999905,2.900000095,,2.200000048,2,2.400000095,2,3.099999905,
Brazil,BRA,,,,,,,,,,,,,3.099999905,,,,1.799999952,2.299999952,2.400000095,2.799999952,,4.300000191,3.900000095,4.900000095,4.300000191,3.400000095,2.400000095,3.599999905,3.799999952,3,3.700000048,,6.400000095,6,,6,6.800000191,7.699999809,8.899999619,9.600000381,15.30000019,9.399999619,9.100000381,9.699999809,8.899999619,9.300000191,8.399999619,8.100000381,7.900000095,8.300000191,6.699999809,6.699999809,6.199999809,6.5,6.800000191,8.399999619,11.60000038
Barbados,BRB,,,,,,,,,,,,,,,,,15.60000038,15.69999981,13.69999981,11.30000019,11.39999962,10.89999962,13.80000019,9.100000381,17.10000038,18.70000076,17.89999962,17.89999962,17.60000038,14.10000038,8.199999809,7.5,22.89999962,24.5,23,19.70000076,14.69999981,14.60000038,12.39999962,10.60000038,9.399999619,9.800000191,10.30000019,11,9.800000191,9.100000381,8.699999809,7.400000095,8.100000381,10,10.69999981,11.10000038,11.60000038,11.60000038,12.19999981,11.39999962,9.699999809
Brunei Darussalam,BRN,,,,,,,,,,,,,,,,8.300000191,7.800000191,8.100000381,8.699999809,10,7.699999809,7.800000191,6.5,6,,,,,,,,4.699999809,,,,,,,,,,,,,,,,,,,,1.700000048,,,7,,
Bhutan,BTN,,,,,,,,,,,,,,,,,,,,,,,,,,,,,,,,,,,,,,,1.399999976,1.399999976,,1.899999976,,1.799999952,2.5,3.099999905,3.099999905,3.700000048,,4,3.299999952,3.200000048,2,2.900000095,2.599999905,2.400000095,
Botswana,BWA,,,,,,,,,,,,,,,,,,,,,,,,,,25.70000076,,,,,,13.80000019,,,21.20000076,,21.60000038,,20.89999962,,15.89999962,18.5,,23.79999924,,,17.79999924,,,16.20000076,17.89999962,,,,,,
Central African Republic,CAF,,,,,,,,,,,,,,,,,,,,,,,,,,,,,,,,,,,,,,,,,,,,,,,,,,,,,,,,,
Canada,CAN,,,,,,,,,,4.699999809,5.900000095,6.400000095,6.300000191,5.599999905,5.400000095,6.900000095,7.099999905,8,8.399999619,7.5,7.5,7.599999905,11,12,11.30000019,10.5,9.600000381,8.800000191,7.800000191,7.599999905,8.100000381,10.30000019,11.19999981,11.39999962,10.39999962,9.5,9.600000381,9.100000381,8.300000191,7.599999905,6.800000191,7.199999809,7.699999809,7.599999905,7.199999809,6.800000191,6.300000191,6,6.099999905,8.300000191,8.100000381,7.5,7.300000191,7.099999905,6.900000095,6.900000095,7
Central Europe and the Baltics,CEB,,,,,,,,,,,,,,,,,,,,,,,,,,,,,,,4.441993171,7.541168088,10.21823402,11.81842256,11.76560502,10.93408236,10.17945989,9.178300317,8.93112575,10.38427074,12.44539619,13.25116036,13.73785264,12.97637646,12.93797139,12.08129635,10.10968821,7.801524424,6.597905122,8.509142461,9.901619541,9.781344858,9.98773378,10.03968417,8.951959295,7.807584965,6.510686894
Switzerland,CHE,,,,,,,,,,,,,,,,0.300000012,0.699999988,0.400000006,0.400000006,0.400000006,0.200000003,0.200000003,0.400000006,0.899999976,1.100000024,1,0.800000012,0.800000012,0.699999988,0.600000024,2.099999905,1.799999952,2.799999952,3.700000048,3.900000095,3.299999952,3.700000048,4.199999809,3.599999905,3.200000048,2.700000048,2.5,2.900000095,4.099999905,4.300000191,4.400000095,4,3.599999905,3.400000095,4.099999905,4.800000191,4.400000095,4.5,4.800000191,4.800000191,4.800000191,4.900000095
Channel Islands,CHI,,,,,,,,,,,,,,,,,,,,,,,,,,,,,,,,,,,,,,,,,,,,,,,,,,,,,,,,,
Chile,CHL,,,,,,,,,,,,,,,,14.69999981,12.80000019,11.80000019,14.30000019,13.60000038,,,19.60000038,14.60000038,13.89999962,,8.699999809,,6.199999809,5.300000191,5.599999905,5.199999809,4.400000095,4.5,5.900000095,4.699999809,7.400000095,7.099999905,7.300000191,11.19999981,10.5,10.39999962,10.19999981,9.800000191,10.19999981,9.300000191,9,8.399999619,9.300000191,11.30000019,8.399999619,7.300000191,6.699999809,6.199999809,6.699999809,6.5,6.699999809
China,CHN,,,,,,,,,,,,,,,,,,,5.300000191,5.400000095,4.900000095,3.799999952,3.200000048,2.299999952,1.899999976,1.799999952,2,2,2,2.599999905,2.5,2.299999952,2.299999952,2.599999905,2.799999952,2.900000095,3,3.099999905,3.099999905,3.099999905,3.099999905,3.599999905,4,4.300000191,4.199999809,4.199999809,4.099999905,4,4.199999809,4.300000191,4.099999905,4.099999905,4.099999905,4,4.099999905,,
Cote d'Ivoire,CIV,,,,,,,,,,,,,,,,,,,,,,,,,,,,,,,,,,,,,,,22.60000038,,,,,,,,,,,,,,9.399999619,,,,2.599999905
Cameroon,CMR,,,,,,,,,,,,,,,,,,,,,,,,,,,,,,,,,,,,,8.100000381,,,,,7.5,,,,4.400000095,,2.900000095,,,4.099999905,,,,4.300000191,,
"Congo, Dem. Rep.",COD,,,,,,,,,,,,,,,,,,,,,,,,,,,,,,,,,,,,,,,,,,,,,,3.700000048,,,,,,,,,,,
"Congo, Rep.",COG,,,,,,,,,,,,,,,,,,,,,,,,,,,,,,,,,,,,,,,,,,,,,,19.79999924,,,,16.10000038,,,10,,,,
Colombia,COL,,,,,,,,,,,,,,,,10.60000038,10.39999962,9.399999619,8.100000381,8.899999619,9.100000381,8.100000381,9.100000381,11.10000038,13,13.89999962,12.89999962,10.80000019,10.10000038,,10.19999981,10.10000038,9.399999619,7.800000191,8.199999809,8.699999809,11.80000019,12.10000038,15,20.10000038,20.5,15,15.60000038,14.19999981,13.69999981,11.89999962,12.69999981,11.19999981,11.30000019,12.10000038,10.89999962,10.19999981,9.800000191,9.199999809,8.5,8.199999809,8.399999619
Comoros,COM,,,,,,,,,,,,,,,,,,,,,,,,,,,,,,,,20,,,,,,,,,,,,,4.599999905,,,,,,,,,,,,
Cabo Verde,CPV,,,,,,,,,,,,,,,,,,,,,,,,,,,,,,,23,,,,,,,,,,,,,,,,,,,,10.69999981,,,,,,
Costa Rica,CRI,,,,,,,,,,,,,,,,,6.300000191,4.599999905,4.599999905,4.900000095,,8.800000191,9.399999619,9,5.300000191,6.599999905,6,5.400000095,5.300000191,3.599999905,4.5,5.400000095,3.900000095,4,4,5.199999809,6.199999809,5.699999809,5.300000191,5.900000095,5.099999905,5.900000095,6.300000191,6.599999905,6.400000095,6.599999905,5.699999809,4.5,4.800000191,7.699999809,8.899999619,10.19999981,9.899999619,9,9.100000381,9.300000191,9
Caribbean small states,CSS,,,,,,,,,,,,,,,,,,,,,,,,,,,,,,,15.66270913,15.02294072,17.02200381,17.15991616,16.38994058,15.69193288,15.28114174,15.13530975,14.28256349,14.04436712,,12.67111964,12.56519005,11.59834543,10.57496205,10.21302886,8.713240113,8.192259276,8.490522878,9.939540583,11.07313245,10.59166992,11.49304808,11.8498096,10.27690854,10.59544571,
Cuba,CUB,,,,,,,,,,,,,,,,,,,,,,,,,,,,,,,,,,,,8.300000191,7.599999905,7.099999905,6.199999809,6.300000191,5.400000095,4.099999905,3.299999952,2.299999952,1.799999952,1.899999976,,1.799999952,1.600000024,1.700000048,2.5,3.200000048,3.5,3.299999952,2.700000048,,
Curacao,CUW,,,,,,,,,,,,,,,,,,,,,,,,,,,,,,,,,,,,,,,,,,,,,,,,,,,,9.800000191,,13,12.60000038,11.69999981,
Cayman Islands,CYM,,,,,,,,,,,,,,,,,,,,,,,,,,,,,,,,5.900000095,,7.199999809,5.699999809,4.900000095,5.099999905,4.099999905,4.199999809,,,7.5,5.400000095,3.599999905,4.300000191,3.5,2.599999905,3.799999952,4,6,6.699999809,6.800000191,6.199999809,6.300000191,4.699999809,4.199999809,
Cyprus,CYP,,,,,,,,,,,,,,,,10.89999962,7.400000095,3.099999905,2,1.700000048,2,2.599999905,2.799999952,3.299999952,3.299999952,3.299999952,3.700000048,3.400000095,2.799999952,2.299999952,1.799999952,3,2.099999905,2.700000048,2.700000048,2.599999905,3.099999905,3.400000095,3.299999952,,5,4,3.299999952,4.099999905,4.300000191,5.300000191,4.5,3.900000095,3.599999905,5.400000095,6.300000191,7.900000095,11.80000019,15.89999962,16.10000038,14.89999962,13
Czech Republic,CZE,,,,,,,,,,,,,,,,,,,,,,,,,,,,,,,0.699999988,2.299999952,2.599999905,4.300000191,4.300000191,4,3.900000095,4.300000191,5.900000095,8.5,8.800000191,8,7,7.5,8.199999809,7.900000095,7.199999809,5.300000191,4.400000095,6.699999809,7.300000191,6.699999809,7,7,6.099999905,5,4
Germany,DEU,,,,,,,,,,,,,,,,,,,,,,,,6.400000095,6.699999809,6.900000095,6.599999905,6.800000191,6.300000191,5.699999809,4.900000095,5.300000191,6.300000191,7.699999809,8.699999809,8.199999809,8.800000191,9.899999619,9.800000191,8.899999619,7.900000095,7.800000191,8.5,9.800000191,10.69999981,11.19999981,10.19999981,8.699999809,7.5,7.699999809,7,5.800000191,5.400000095,5.199999809,5,4.599999905,4.099999905
Djibouti,DJI,,,,,,,,,,,,,,,,,,,,,,,,,,,,,,,,,,,,,58.5,,,,,,59.5,,,,,,,,,,,,,,
Dominica,DMA,,,,,,,,,,,,,,,,,,,,,,,,,,,,,,11.30000019,,10,,,,,,23.20000076,,15.69999981,,11,,,,,,,,,,,,,,,
Denmark,DNK,,,,,,,,,,,,,,0.899999976,2.099999905,5.099999905,5.300000191,6.400000095,7.300000191,6.099999905,7,9.199999809,10,9.699999809,8.899999619,7.800000191,6,6.099999905,6.5,8.199999809,8.300000191,9.100000381,9,10.69999981,8,7,6.800000191,5.400000095,5,5.099999905,4.5,4.199999809,4.300000191,5.400000095,5.199999809,4.800000191,3.900000095,3.799999952,3.400000095,6,7.5,7.599999905,7.5,7,6.599999905,6.199999809,6.199999809
Dominican Republic,DOM,,,,,,,,,,,,,,,,,,,,,,,,,,,,,,,,19.60000038,20.29999924,19.89999962,16,15,16.70000076,16,14.39999962,13.80000019,13.69999981,15.5,16,16.60000038,18.39999962,6.5,5.599999905,5.199999809,4.800000191,5.300000191,5,6,6.5,7.099999905,6.400000095,5.900000095,
Algeria,DZA,,,,,,,,,,,,,,,,,,,,,,,,,,,,,,16.89999962,19.79999924,20.60000038,23,23.20000076,24.39999962,27.89999962,,25.39999962,,,29.79999924,27.29999924,25.89999962,23.70000076,17.60000038,15.30000019,12.30000019,13.80000019,11.30000019,10.19999981,10,10,11,9.800000191,10.60000038,,10.19999981
East Asia & Pacific (excluding high income),EAP,,,,,,,,,,,,,,,,,,,,,,,,,,,,,,,2.767681182,2.54831971,2.509880237,2.772925742,2.935577747,3.019313345,3.099946577,3.151390197,3.527191736,3.593648436,3.598803253,3.991154442,4.316331456,4.531572984,4.530061949,4.620504474,4.512742195,4.318933283,4.284995617,4.262169443,3.993900843,3.92794398,3.840812556,3.744058831,3.780622438,,
Early-demographic dividend,EAR,,,,,,,,,,,,,,,,,,,,,,,,,,,,,,,,,,,4.271433668,,,,,,5.302427073,,,,,6.365033007,,,,,5.64521625,,5.442710786,,,,
East Asia & Pacific,EAS,,,,,,,,,,,,,,,,,,,,,,,,,,,,,,,2.745553157,2.582330173,2.569513138,2.835361741,2.985793092,3.063037141,3.148975489,3.206640725,3.678477947,3.763392999,3.713896037,4.091171298,4.4037741,4.583312733,4.538760856,4.589713581,4.458392873,4.258608733,4.239788449,4.335221378,4.078988659,3.972501769,3.879150602,3.771272931,3.792971092,,
Europe & Central Asia (excluding high income),ECA,,,,,,,,,,,,,,,,,,,,,,,,,,,,,,,,2.530155314,5.735489434,5.644095242,6.412991805,7.552875566,8.130971375,9.188932807,10.33493586,10.92034967,9.059484616,8.870540714,8.482576193,8.325405443,8.220571593,7.65891154,7.401168262,6.895450815,6.91530856,9.274501143,8.496822596,7.896155486,7.268095778,7.33983107,7.540915599,7.651005002,
Europe & Central Asia,ECS,,,,,,,,,,,,,,,,,,,,,,,,,,,,,,,,5.978401322,7.692161741,8.310253706,9.042462734,9.269534603,9.597622633,9.912446033,10.08237813,10.13723084,9.04931394,8.556174272,8.560426296,8.624190209,8.664432026,8.307592001,7.742637243,6.9717555,6.896863793,9.008355016,9.041372334,8.797866277,9.017428928,9.264351747,9.009622,8.593169221,8.79746836
Ecuador,ECU,,,,,,,,,,,,,,,4.400000095,5.300000191,,5.800000191,,,,,,,,,,7.199999809,7,7.900000095,6,5.800000191,8.899999619,8.300000191,7.099999905,6.800000191,10.39999962,9.199999809,11.5,14.39999962,9,10.69999981,9.100000381,11.39999962,8.600000381,7.699999809,7.699999809,6.099999905,7.300000191,6.5,4.099999905,3.5,3.200000048,3.099999905,3.5,3.599999905,4.599999905
"Egypt, Arab Rep.",EGY,,,,,,,,,,,2.400000095,1.799999952,1.5,1.700000048,2.299999952,2.599999905,,3.099999905,3.599999905,4.599999905,5.199999809,5.400000095,5.699999809,,,,,,,,,,,,,,9,8.399999619,8,8,9,9.300000191,10,11,10.30000019,11.19999981,10.5,8.800000191,8.5,9.100000381,9,11.80000019,12.60000038,13.19999981,13.10000038,13,12.39999962
Euro area,EMU,,,,,,,,,,,,,,,,,,,,,,,,,,,,,,,8.213408497,8.204365178,8.881624913,10.44796391,11.68645749,11.34339789,11.66210168,11.67782482,11.20019251,10.47410974,9.412356044,8.363140616,8.627140659,8.973038925,9.241275916,8.96480797,8.21917361,7.395635532,7.420660035,9.464182593,10.054801,10.10729414,11.27849697,11.91473566,11.59738111,10.83745138,10.00274926
Eritrea,ERI,,,,,,,,,,,,,,,,,,,,,,,,,,,,,,,,,,,,,,,,,,,,,,,,,,,,,,,,,
Spain,ESP,,,,,,,,,,1.299999952,1.100000024,1.5,1.5,2.5,3.099999905,5,4.900000095,5.199999809,7,8.600000381,11.39999962,14.19999981,16,17.5,20.20000076,21.60000038,21.29999924,20.60000038,19.79999924,17.29999924,16.29999924,15.89999962,17.70000076,22.20000076,24.20000076,22.70000076,22.10000038,20.70000076,18.70000076,15.5,13.80000019,10.39999962,11.19999981,11.30000019,11.10000038,9.199999809,8.399999619,8.199999809,11.19999981,17.89999962,19.89999962,21.39999962,24.79999924,26.10000038,24.39999962,22.10000038,19.60000038
Estonia,EST,,,,,,,,,,,,,,,,,,,,,,,,,,,,,,0.600000024,0.600000024,1.5,3.700000048,6.5,7.599999905,9.699999809,9.899999619,10.39999962,9.5,11.60000038,13.39999962,13.10000038,10,11.30000019,10.19999981,8,5.900000095,4.599999905,5.400000095,13.60000038,16.70000076,12.30000019,10,8.600000381,7.400000095,6.199999809,6.800000191
Ethiopia,ETH,,,,,,,,,,,,,,,,,,,,,,,,,1.200000048,,,,,,,,,,3.099999905,,,,,8.699999809,,,,,23.10000038,5.400000095,17,,,20.5,19.10000038,18.20000076,17.79999924,5,17.60000038,17,17.10000038
European Union,EUU,,,,,,,,,,,,,,,,,,,,,,,,,,,,,,,7.291279616,8.117685591,9.309862761,10.82865277,11.34082137,10.7857178,10.71970985,10.40472158,9.899851186,9.664544071,9.277302022,8.623172374,8.945968758,9.022906005,9.175125027,8.924373519,8.142811339,7.140901037,6.947000015,8.860263257,9.524071422,9.589713575,10.41224376,10.80068794,10.20016323,9.381552271,8.527168775
Fragile and conflict affected situations,FCS,,,,,,,,,,,,,,,,,,,,,,,,,,,,,,,,,,,,,,,,,,,,,,,,,,,,,,,,,
Finland,FIN,,,,,,,,,,2.799999952,1.899999976,2.299999952,2.400000095,2.400000095,1.600000024,2.200000048,3.799999952,6.099999905,7.199999809,6.199999809,4.900000095,5,5.300000191,5.400000095,5.099999905,4.699999809,5.300000191,5.099999905,4.5,3.099999905,3.099999905,6.5,11.60000038,16.20000076,16.39999962,17,15.60000038,15,13.19999981,11.69999981,11.10000038,10.30000019,10.39999962,10.5,10.39999962,8.399999619,7.699999809,6.800000191,6.400000095,8.199999809,8.399999619,7.800000191,7.699999809,8.199999809,8.699999809,9.399999619,8.800000191
Fiji,FJI,,,,,,,,,,,,,,,,,,,,,,,6.099999905,7.5,7.5,8.100000381,7.5,9.300000191,9.399999619,6.099999905,6.400000095,5.900000095,5.400000095,5.900000095,5.699999809,5.400000095,5.800000191,,,,,,,8.199999809,4.699999809,4.599999905,,8.600000381,8.899999619,8.699999809,8.899999619,9,9,,6.199999809,,
France,FRA,,,,,,,,,,,2.400000095,2.700000048,2.799999952,2.700000048,2.900000095,4.099999905,4.5,5,5.300000191,6,6.400000095,7.400000095,8.199999809,7.900000095,9.5,10.30000019,10.19999981,10.69999981,10.19999981,9.600000381,9.399999619,9.100000381,10.19999981,11.30000019,12.60000038,11.80000019,12.39999962,12.60000038,12.10000038,12,10.19999981,8.600000381,8.699999809,8.300000191,8.899999619,8.5,8.399999619,7.699999809,7.099999905,8.699999809,8.899999619,8.800000191,9.399999619,9.899999619,10.30000019,10.39999962,10.10000038
Faroe Islands,FRO,,,,,,,,,,,,,,,,,,,,,,,,,,,,,,,,,,,,,,,,,4.199999809,4,,3.799999952,3.700000048,3.5,1.799999952,1.700000048,2.400000095,3.900000095,6.400000095,5.300000191,3,4,,,
"Micronesia, Fed. Sts.",FSM,,,,,,,,,,,,,,,,,,,,,,,,,,,,,,,,,,,,,,,,,,,,,,,,,,,,,,,,,
Gabon,GAB,,,,,,,,,,,,,,,,,,,,,,,,,,,,,,,,,,17.79999924,,,,,,,,,,,,16.89999962,,,,,20.39999962,,,,,,
United Kingdom,GBR,,,,,,,,,,,,3.299999952,3.700000048,2.599999905,2.599999905,4,5.5,5.800000191,5.699999809,5.300000191,6.800000191,10.39999962,10.89999962,11.10000038,10.89999962,11.5,11.5,11,9,7.400000095,7,8.600000381,9.800000191,10.39999962,9.600000381,8.699999809,8.199999809,7.099999905,6.199999809,6,5.599999905,4.699999809,5,4.800000191,4.599999905,4.800000191,5.400000095,5.300000191,5.599999905,7.5,7.800000191,8,7.900000095,7.5,6.099999905,5.300000191,4.800000191
Georgia,GEO,,,,,,,,,,,,,,,,,,,,,,,,,,,,,,,,,,,,,2.400000095,5,14.60000038,13.80000019,10.80000019,11.19999981,12.60000038,11.5,12.60000038,13.80000019,13.60000038,13.30000019,16.5,16.79999924,16.29999924,15.10000038,15,14.60000038,12.39999962,12,11.80000019
Ghana,GHA,,,,,,,,,,,0.5,0.600000024,0.899999976,0.800000012,0.800000012,0.899999976,1,1,1,0.899999976,1.200000048,1,0.699999988,0.699999988,0.400000006,0.400000006,0.5,,,,,,,,,,,,8.199999809,,10.39999962,,,,,,,,,,5.300000191,,,2.200000048,,,
Gibraltar,GIB,,,,,,,,,,,,,,,,,,,,,,,,,,,,,,,,6.400000095,,,,,,,,,,,,,,,,,,,,,,,,,
Guinea,GIN,,,,,,,,,,,,,,,,,,,,,,,,,,,,,,,,,,,,,,,,,,,4.599999905,,,,,,,,,,,,,,
"Gambia, The",GMB,,,,,,,,,,,,,,,,,,,,,,,,,,,,,,,,,,,,,,,,,,,,,,,,,,,,,9.399999619,,,,
Guinea-Bissau,GNB,,,,,,,,,,,,,,,,,,,,,,,,,,,,,,,,,,,,,,,,,,,,,,,,,,,,,,,,,
Equatorial Guinea,GNQ,,,,,,,,,,,,,,,,,,,,,,,,24.20000076,,,,,,,,,,,,,,,,,,,,,,,,,,,,,,,,,
Greece,GRC,,,,,,,,,,,,,,,2.400000095,3,2.299999952,2.099999905,2.299999952,2.200000048,2.400000095,3.400000095,4.900000095,7.800000191,8.100000381,7.800000191,7.400000095,7.400000095,7.599999905,7.5,7,7.699999809,7.800000191,8.600000381,8.899999619,9.100000381,9.699999809,9.600000381,10.80000019,11.80000019,11.19999981,10.5,10,9.399999619,10.30000019,10,9,8.399999619,7.800000191,9.600000381,12.69999981,17.89999962,24.39999962,27.5,26.5,24.89999962,23.5
Grenada,GRD,,,,,,,,,,,,,,,,,,,,,,,,,,,,,,,,13.89999962,,,26.89999962,,16.89999962,,15.19999981,,,,,,,,,,,,,,,24.20000076,24.5,22.89999962,
Greenland,GRL,,,,,,,,,,,,,,,,,,,,,,,,,,,,,,,,,,7.599999905,10.60000038,,12.89999962,10.10000038,11.60000038,9,11,9.5,8.800000191,10.30000019,10.39999962,9.199999809,8.399999619,,,,7.800000191,9.399999619,9.800000191,10.10000038,10.30000019,9.100000381,
Guatemala,GTM,,,,,,,,,,,,,,,,,,,,,,2.200000048,2.299999952,,,,,3.5,,2,3.900000095,3.200000048,,,,,,,,1.899999976,1.399999976,1.299999952,3.099999905,3.400000095,3.099999905,,1.799999952,2.5,,,3.700000048,4.099999905,2.900000095,3.299999952,2.900000095,2.700000048,2.799999952
Guam,GUM,,,,,,,,,,,,,,,9.600000381,9,9.699999809,7.300000191,8.300000191,8,9.899999619,8.699999809,9.600000381,9.199999809,8.300000191,7.599999905,6.300000191,4.5,4.199999809,2.799999952,2.799999952,3.5,3.799999952,5.5,7.599999905,7.900000095,8.300000191,9.699999809,7.699999809,14,15.30000019,13,11.39999962,,7.699999809,7,7.400000095,8.300000191,,9.300000191,8.199999809,13.30000019,,,,,
Guyana,GUY,,,,,,,,,,,,,,,,,,,,,,,,,,,,13.10000038,,,,,,,,,,,,,,,11.80000019,,,,,,,,,,,,,,
High income,HIC,,,,,,,,,,,,,,,,,,,,,,,,,,,,,,,5.803750037,6.661999822,7.296832135,7.794676136,7.843453129,7.407098369,7.475413105,7.193960268,7.121038954,6.935639324,6.50805707,6.490784908,7.022329064,7.158342396,6.951054647,6.667798224,6.102913682,5.592205882,5.864761552,7.96478392,8.331626395,7.978281749,8.029105926,7.928934825,7.313668984,6.682304275,6.210317363
"Hong Kong SAR, China",HKG,,,,,,,,,,,,,,,,9.100000381,5,4.300000191,2.700000048,2.099999905,2.400000095,1.5,1.799999952,2.099999905,1.899999976,3.200000048,2.799999952,1.700000048,1.399999976,1.100000024,1.200000048,1.799999952,2,2,1.899999976,3.200000048,2.799999952,2.200000048,4.599999905,6.199999809,4.900000095,5.099999905,7.300000191,7.900000095,6.699999809,5.599999905,4.800000191,4,3.599999905,5.300000191,4.300000191,3.400000095,3.299999952,3.400000095,3.299999952,3.299999952,3.400000095
Honduras,HND,,,,,,,,,,,,,,,8.100000381,,,,,,,,7.300000191,,,,12.10000038,11.39999962,,,4.800000191,4.599999905,3.099999905,,,3.200000048,4.400000095,3.299999952,4,3.599999905,,3.799999952,3.799999952,5.099999905,6,4,3.099999905,2.900000095,3,3.299999952,4.099999905,4.300000191,3.799999952,4.099999905,5.5,4.599999905,4.699999809
Heavily indebted poor countries (HIPC),HPC,,,,,,,,,,,,,,,,,,,,,,,,,,,,,,,,,,,,,,,,,,,,,,,,,,,,,,,,,
Croatia,HRV,,,,,,,,,,,,,,,,,,,,,,5.300000191,6,6.199999809,6.400000095,6.5,6.5,6.400000095,6.900000095,7.199999809,8.199999809,11.10000038,15.30000019,14.80000019,14.5,14.5,10,9.899999619,11.39999962,13.60000038,16.10000038,15.80000019,15,13.89999962,13.69999981,12.60000038,11.10000038,9.899999619,8.5,9.199999809,11.60000038,13.69999981,15.89999962,17.20000076,17.29999924,16.20000076,13.10000038
Haiti,HTI,,,,,,,,,,,,,,,,,,,,,,,12.19999981,12.19999981,,,,,23.89999962,,11.19999981,,,,,,,,,,,,,25.39999962,,,,16.79999924,,,,,14.10000038,,,,
Hungary,HUN,,,,,,,,,,,,,,,,,,,,,,,,,,,,,,,1.700000048,8.5,9.899999619,12.10000038,10.80000019,10.19999981,10,9,8.899999619,6.900000095,6.599999905,5.699999809,5.599999905,5.800000191,5.800000191,7.199999809,7.5,7.400000095,7.800000191,10,11.19999981,11,11,10.19999981,7.699999809,6.800000191,5.099999905
IBRD only,IBD,,,,,,,,,,,,,,,,,,,,,,,,,,,,,,,,,,,3.966021943,,4.932210981,,5.623033222,5.892891402,5.453446304,6.179382227,6.428193056,6.645727832,6.536527669,5.950131171,6.143627092,5.716278474,5.690989879,5.997526027,5.163660899,5.552727732,4.77402775,5.301393899,5.327599895,,
IDA & IBRD total,IBT,,,,,,,,,,,,,,,,,,,,,,,,,,,,,,,,,,,3.953993692,,,,,,5.444295287,,,,,5.879362057,,,,6.71983685,5.651817201,,5.559682311,5.107663017,,,
IDA total,IDA,,,,,,,,,,,,,,,,,,,,,,,,,,,,,,,,,,,,,,,,,,,,,,,,,,,,,,,,,
IDA blend,IDB,,,,,,,,,,,,,,,,,,,,,,,,,,,,,,,,,,,,,,,,,,,,,,,7.994652196,7.346999214,8.471974255,11.9322063,9.539773369,10.84354068,,3.384342454,3.656468535,3.945658876,
Indonesia,IDN,,,,,,,,,,,,,,,,,1.899999976,1.299999952,2.5,,1.700000048,,3,,,2.099999905,2.599999905,2.599999905,2.799999952,,2.5,2.599999905,2.700000048,,,,4,,5.5,6.300000191,6.099999905,5.900000095,6.300000191,6.199999809,6.699999809,7.699999809,7.599999905,8.100000381,7.199999809,6.099999905,5.599999905,5.199999809,4.5,4.300000191,4,4.5,4.099999905
IDA only,IDX,,,,,,,,,,,,,,,,,,,,,,,,,,,,,,,,,,,,,,,,,,,,,,,,,,,,,,,,,
Isle of Man,IMN,,,,,,,,,,,,,,,,3.099999905,3.5,3.700000048,3.099999905,2.299999952,2.900000095,4.599999905,5.900000095,7.099999905,7.400000095,8,7.699999809,5.800000191,3.299999952,2,2.099999905,1.399999976,4.300000191,4.900000095,4.699999809,4.400000095,1.100000024,,,0.800000012,0.600000024,0.5,0.5,0.800000012,1,1.399999976,2.400000095,1.399999976,1.399999976,,,3.299999952,,2.599999905,2,,2.700000048
India,IND,,,,,,,,,,,,,,,,,,,,,,,,,,,,,,,,,,,2.599999905,,,,,,2.700000048,,,,,4.400000095,,,,,3.5,,2.700000048,,,,
Not classified,INX,,,,,,,,,,,,,,,,,,,,,,,,,,,,,,,,,,,,,,,,,,,,,,,,,,,,,,,,,
Ireland,IRL,,,,,,,,,,,,,,,,,,,,,,10.10000038,12.10000038,14.80000019,16.39999962,17.89999962,18,18.10000038,17.39999962,16.10000038,14.10000038,15.80000019,15,15.60000038,14.60000038,12,11.69999981,10.19999981,7.699999809,5.800000191,4.300000191,3.700000048,4.199999809,4.5,4.5,4.300000191,4.400000095,4.699999809,6.400000095,12,13.80000019,14.60000038,14.69999981,13,11.30000019,9.399999619,7.900000095
"Iran, Islamic Rep.",IRN,,,,,,,,,,,,,,,,,,,,,,,,,,,14.19999981,,,,,11.10000038,,,,,9.100000381,,,,,,,,,12.10000038,11.19999981,10.60000038,10.5,12,13.5,12.30000019,12.19999981,10.39999962,10.60000038,11.10000038,12.39999962
Iraq,IRQ,,,,,,,,,,,,,,,,,,,,,,,,,,,,,,,,,,,,,,,,,,,,28.10000038,26.79999924,18,17.5,,15.30000019,,,8,,,,,
Iceland,ISL,,,,,,,,,,2.5,1.299999952,0.699999988,0.5,0.400000006,0.400000006,0.699999988,0.5,0.400000006,0.400000006,0.5,0.400000006,0.5,0.800000012,1,1.200000048,0.899999976,0.699999988,0.400000006,0.600000024,1.700000048,1.799999952,2.599999905,4.300000191,5.300000191,5.300000191,5.199999809,3.599999905,3.700000048,3.099999905,2.200000048,1.899999976,1.899999976,3,4,4,2.599999905,2.799999952,2.200000048,3,7.199999809,7.599999905,7,6,5.400000095,4.900000095,4,3
Israel,ISR,,,,,,,,,,4.5,3.799999952,3.5,2.700000048,2.599999905,3,3.099999905,3.5,3.900000095,3.400000095,2.799999952,4.599999905,4.900000095,4.800000191,4.300000191,5.699999809,6.300000191,,,,,12.19999981,13.39999962,14.10000038,12.69999981,9.899999619,8.800000191,8.5,9.800000191,10.80000019,11.19999981,11.10000038,11.80000019,12.89999962,13.5,13,11.30000019,10.69999981,9.399999619,7.699999809,9.5,8.5,7.099999905,6.900000095,6.199999809,5.900000095,5.199999809,4.800000191
Italy,ITA,,,,,,,,,,,5.400000095,5.400000095,6.400000095,6.400000095,5.400000095,5.900000095,6.599999905,7.099999905,7.199999809,7.599999905,7.5,8.399999619,9,8.600000381,9.399999619,9.399999619,10.60000038,10.69999981,11,11,9.800000191,10.10000038,9.300000191,10.19999981,11.10000038,11.69999981,11.89999962,12,12.10000038,11.69999981,10.80000019,9.600000381,9.199999809,8.899999619,7.900000095,7.699999809,6.800000191,6.099999905,6.699999809,7.800000191,8.399999619,8.399999619,10.60000038,12.19999981,12.69999981,11.89999962,11.69999981
Jamaica,JAM,,,,,,,,,,17.60000038,,,23.20000076,22.10000038,20.5,19.60000038,21.79999924,24.20000076,23.70000076,27.60000038,35.5,25,26.70000076,26.39999962,25.5,33.40000153,23.39999962,21,23,16.79999924,15.69999981,15.69999981,15.39999962,16.29999924,15.30000019,16.20000076,16,16.39999962,15.5,15.69999981,15.5,14.89999962,14.30000019,11.69999981,11.39999962,10.89999962,9.600000381,9.300000191,10.30000019,11.39999962,12.39999962,12.69999981,13.89999962,15.19999981,13.69999981,13.5,13.19999981
Jordan,JOR,,,,,,,,,,,,,,,,,,,,,,,,6.599999905,,,13.30000019,14.80000019,,,,,,19.70000076,,14.60000038,13.69999981,,,,13.69999981,14.69999981,15.30000019,14.5,22.79999924,14.80000019,14,13.10000038,12.69999981,12.89999962,12.5,12.89999962,12.19999981,12.60000038,11.89999962,,
Japan,JPN,1.700000048,1.399999976,1.299999952,1.299999952,1.200000048,1.200000048,1.299999952,1.299999952,1.200000048,1.100000024,1.100000024,1.200000048,1.399999976,1.299999952,1.399999976,1.899999976,2,2,2.200000048,2.099999905,2,2.200000048,2.400000095,2.599999905,2.700000048,2.599999905,2.799999952,2.799999952,2.5,2.299999952,2.099999905,2.099999905,2.200000048,2.5,2.900000095,3.200000048,3.400000095,3.400000095,4.099999905,4.699999809,4.699999809,5,5.400000095,5.199999809,4.699999809,4.400000095,4.099999905,3.799999952,4,5.099999905,5.099999905,4.599999905,4.400000095,4,3.599999905,3.299999952,3.099999905
Kazakhstan,KAZ,,,,,,,,,,,,,,,,,,,,,,,,,,,,,,,,0,0.400000006,0.600000024,1.100000024,2.099999905,4.199999809,3.799999952,3.700000048,3.900000095,3.700000048,10.39999962,9.300000191,8.800000191,8.399999619,8.100000381,7.800000191,7.300000191,6.599999905,6.599999905,5.800000191,5.400000095,5.300000191,5.199999809,5.099999905,4.900000095,5
Kenya,KEN,,,,,,,,,,,,,,,,,,,,,,,,,,,,,,,,,,,,,,,,10,,,,,,,,,,12.19999981,,,,,,,
Kyrgyz Republic,KGZ,,,,,,,,,,,,,,,,,,,,,,,,,,,,,,,,,,,,,,,,,7.5,7.800000191,12.60000038,9.899999619,8.5,8.100000381,8.300000191,8.199999809,8.199999809,8.399999619,8.600000381,8.5,8.399999619,8.300000191,8,7.599999905,7.199999809
Cambodia,KHM,,,,,,,,,,,,,,,,,,,,,,,,,,,,,,,,,,,,,0.800000012,,5.300000191,,2.5,1.799999952,,,7.099999905,,,0.899999976,1.600000024,0.200000003,0.400000006,0.200000003,1.299999952,0.300000012,0.200000003,,
Kiribati,KIR,,,,,,,,,,,,,,,,,,7.300000191,8.300000191,8,,,,,,,,,,,,,,,,,,,,,,,,,,14.60000038,,,,,30.60000038,,,,,,
St. Kitts and Nevis,KNA,,,,,,,,,,,,,,,,,,,,,9.800000191,,,,,,,,,,,5.099999905,,,,,,,,,,5.099999905,,,,,,,,,,,,,,,
"Korea, Rep.",KOR,,,,,,,,,,4.800000191,,,,,,4.199999809,3.799999952,3.799999952,3.200000048,3.799999952,5.199999809,4.5,4.400000095,4.099999905,5,4,3.799999952,3.099999905,2.5,2.599999905,2.400000095,2.400000095,2.5,2.900000095,2.5,2.099999905,2,2.599999905,7,6.300000191,4.400000095,4,3.299999952,3.599999905,3.700000048,3.700000048,3.400000095,3.200000048,3.200000048,3.599999905,3.700000048,3.400000095,3.200000048,3.099999905,3.5,3.599999905,3.700000048
Kuwait,KWT,,,,,,,,,,,,,,,,,,,,,,,,1,,,,,1.899999976,,,,,0.800000012,0.699999988,2.099999905,0.699999988,0.699999988,0.699999988,0.699999988,0.800000012,0.800000012,1.100000024,1.299999952,1.700000048,2,1.299999952,1.5,1.799999952,1.600000024,1.799999952,3.599999905,,,,,
Latin America & Caribbean (excluding high income),LAC,,,,,,,,,,,,,,,,,,,,,,,,,,,,,,,6.157583867,,6.633906187,6.643120258,,8.085599065,8.434508525,8.219906412,8.792824397,9.375042443,11.47976533,9.003701843,9.417922613,9.588463774,8.668719126,8.253142988,7.603758285,7.091102239,6.932426025,7.629203408,6.79341837,6.55410478,6.317048466,6.19803888,6.185304371,6.702185122,8.176709374
Lao PDR,LAO,,,,,,,,,,,,,,,,,,,,,,,,,,,,,,,,,,,,2.599999905,,,,,,,,,,1.399999976,,,,,0.699999988,,,,,,
Lebanon,LBN,,,,,,,,,,,,,,,,,,,,,,,,,,,,,,,,,,,,,,8.600000381,,,,,,,7.800000191,,,9,,6.400000095,,,,,,,
Liberia,LBR,,,,,,,,,,,,,,,,,,,,,12.80000019,14.30000019,15.19999981,15.89999962,,,,,,,,,,,,,,,,,,,,,,,,,,,2.299999952,,,,,,
Libya,LBY,,,,,,,,,,,,,,,,,,,,,,,,,,,,,,,,,,,,,,,,,,,,,,,,,,,,,19,,,,
St. Lucia,LCA,,,,,,,,,,,,,,,,,,,,,,,,,,,,,,,,7.199999809,,16.79999924,17,16.29999924,16.29999924,20.5,21.60000038,18.10000038,16.5,13.10000038,20.39999962,22.20000076,21,18.70000076,16,14,12.69999981,15.39999962,20.60000038,18.89999962,19.10000038,22.20000076,,24.10000038,21.29999924
Latin America & Caribbean,LCN,,,,,,,,,,,,,,,,,,,,,,,,,,,,,,,6.28511517,,6.712656085,6.720542158,,8.074907866,8.493853162,8.273158536,8.805091192,9.465609439,11.45728277,9.103261791,9.508453529,9.657233797,8.721838283,8.327973025,7.678899767,7.156750601,7.025511395,7.768864153,6.889301099,6.622103586,6.370740438,6.238924132,6.231563367,6.718383599,8.139110337
Least developed countries: UN classification,LDC,,,,,,,,,,,,,,,,,,,,,,,,,,,,,,,,,,,,,,,,,,,,,,,,,,,,,,,,,
Low income,LIC,,,,,,,,,,,,,,,,,,,,,,,,,,,,,,,,,,,,,,,,,,,,,,,,,,,,,,,,,
Liechtenstein,LIE,,,,,,,,,,,,,,,,,,,,,,,,,,,,,,,0.200000003,0.5,0.800000012,1.399999976,1,0.899999976,1.600000024,1.299999952,1.799999952,1.799999952,1.299999952,1.100000024,1.399999976,2.099999905,2.400000095,2.700000048,2.5,2,,2.799999952,2.599999905,2.400000095,2.5,2.599999905,,,
Sri Lanka,LKA,,,,,,,,,,,,,,,,,,,,,,,,,,,,,,,15.89999962,14.69999981,14.19999981,13.80000019,13,12.30000019,11.39999962,10.60000038,9.199999809,8.899999619,7.699999809,7.900000095,8.800000191,8.199999809,8.399999619,7.699999809,6.5,6,5.199999809,5.800000191,4.900000095,4.099999905,3.900000095,4.400000095,4.400000095,4.699999809,4.400000095
Lower middle income,LMC,,,,,,,,,,,,,,,,,,,,,,,,,,,,,,,,,,,,,,,,,4.597125847,,,,,5.670351015,,,,,5.059136677,,5.051560031,,,,
Low & middle income,LMY,,,,,,,,,,,,,,,,,,,,,,,,,,,,,,,,,,,3.811314534,,,,,,5.324969605,,,,,5.765869708,,,,6.681300643,5.610739474,,5.521492853,,,,
Lesotho,LSO,,,,,,,,,,,,,,,,,,,,,,,,,,,10,,,,,,,,,,,39.29999924,,27.29999924,,,,,,,,,35.5,,,,,24.60000038,,,
Late-demographic dividend,LTE,,,,,,,,,,,,,,,,,,,,,,,,,,,,,,,3.185170685,2.803163562,3.542616169,3.806116959,3.841477045,4.2847803,4.349525385,4.616435458,4.879042023,5.129413002,5.395007891,5.212921416,5.381646606,5.587895375,5.431708852,5.485582508,5.234630678,4.961468903,4.939936482,5.294462575,4.935335892,4.840508752,4.707678474,4.655580881,4.637412582,,
Lithuania,LTU,,,,,,,,,,,,,,,,,,,,,,,,,,,,,,,,0.300000012,3.5,3.5,17.29999924,17.5,16.39999962,14.10000038,13.69999981,13.39999962,15.89999962,16.79999924,13,12.89999962,10.69999981,8.300000191,5.800000191,4.199999809,5.800000191,13.80000019,17.79999924,15.39999962,13.39999962,11.80000019,10.69999981,9.100000381,7.900000095
Luxembourg,LUX,,,,,,,,,,,,,,,,0.200000003,0.300000012,0.5,0.800000012,0.699999988,0.699999988,1,1.299999952,3.200000048,2.599999905,3,2.599999905,2.5,2,1.600000024,1.600000024,1.5,2,2.299999952,3.5,2.900000095,3.299999952,2.5,2.799999952,2.400000095,2.400000095,1.799999952,2.599999905,3.700000048,5.099999905,4.5,4.699999809,4.099999905,5.099999905,5.099999905,4.400000095,4.900000095,5.099999905,5.800000191,5.800000191,6.699999809,6.300000191
Latvia,LVA,,,,,,,,,,,,,,,,,,,,,,,,,,,,,,,,,2.299999952,5.800000191,6.5,6.599999905,20.89999962,14.89999962,14.5,13.80000019,14.19999981,13.80000019,13.80000019,12.10000038,11.69999981,10,7,6,7.699999809,17.5,19.5,16.20000076,15,11.89999962,10.80000019,9.899999619,9.600000381
"Macao SAR, China",MAC,,,,,,,,,,,,,,,,,,,,,,,,,,,,,,3.700000048,3.200000048,3,2.200000048,2.099999905,2.5,3.599999905,4.300000191,3.099999905,4.5,6.300000191,6.900000095,6.400000095,6.300000191,6.099999905,4.900000095,4.199999809,3.700000048,3,3,3.599999905,2.799999952,2.599999905,2,1.799999952,1.700000048,1.799999952,2
St. Martin (French part),MAF,,,,,,,,,,,,,,,,,,,,,,,,,,,,,,,,,,,,,,,,,,,,,,,,,,,,,,,,,
Morocco,MAR,,,,,,,,,,,,,,,,,,,,,,,,,,,,14.69999981,13.89999962,16.29999924,15.80000019,17.29999924,16,15.89999962,,22.89999962,18.10000038,16.89999962,19.10000038,13.89999962,13.60000038,12.5,11.60000038,11.89999962,10.80000019,11,9.699999809,9.600000381,9.600000381,9.100000381,9.100000381,8.899999619,9,9.199999809,9.699999809,9.699999809,9.399999619
Monaco,MCO,,,,,,,,,,,,,,,,,,,,,,,,,,,,,,,,,,,,,,,,,3.599999905,,,,,,,,,,,,,,,,6.300000191
Moldova,MDA,,,,,,,,,,,,,,,,,,,,,,,,,,,,,,,,,0.699999988,0.699999988,1.100000024,1,1.5,1.5,1.899999976,11.10000038,8.5,7.300000191,6.800000191,8,8.199999809,7.300000191,7.400000095,5.099999905,4,6.400000095,7.400000095,6.699999809,5.599999905,5.099999905,3.900000095,3.700000048,4.199999809
Madagascar,MDG,,,,,,,,,,,,,,,,,,,,,,,,,,,,,,,,,,,,,,,,,5.800000191,5.400000095,,4.5,,2.299999952,,,,,3.799999952,,0.600000024,,,1.799999952,
Maldives,MDV,,,,,,,,,,,,,,,,,,,,,,,,,,,,,,,,,,,,0.800000012,,,,,2,,,,,,14.39999962,,,,11.69999981,,,,5.199999809,,
Middle East & North Africa,MEA,,,,,,,,,,,,,,,,,,,,,,,,,,,,,,,,,,,,,,,,,,,,14.06086631,13.08962771,11.96491826,11.05042944,10.03611289,9.854336336,9.573589709,10.71275537,10.588246,11.1116364,10.51838182,10.63725888,,10.31194678
Mexico,MEX,,,,,,,,,,,,,,,,,,,,,,,,,,,,,2.5,,,3,3.099999905,3.200000048,4.199999809,6.900000095,5.199999809,4.099999905,3.599999905,2.5,2.599999905,2.5,2.900000095,3,3.700000048,3.599999905,3.599999905,3.599999905,3.900000095,5.400000095,5.300000191,5.199999809,4.900000095,4.900000095,4.800000191,4.300000191,3.900000095
Marshall Islands,MHL,,,,,,,,,,,,,,,,,,,,,9.699999809,,,,,,,,12.5,,,,,,,,,,,30.89999962,,,,,,25.39999962,,,,,,4.699999809,,,,,
Middle income,MIC,,,,,,,,,,,,,,,,,,,,,,,,,,,,,,,,,,,3.822555723,,4.813792521,,,,5.323114745,,,,,5.816181931,6.11820442,5.855669338,5.909398234,6.379216096,5.342707719,5.876383957,5.210512916,5.063437613,,,
"Macedonia, FYR",MKD,,,,,,,,,,,,,,,,,,,,,,,22,20.89999962,21.10000038,21.60000038,21.70000076,21.5,21.39999962,22.60000038,23.60000038,24.5,26.29999924,27.70000076,30,35.59999847,38.79999924,36,34.5,32.40000153,32.20000076,30.5,31.89999962,36.70000076,37.20000076,37.20000076,36,34.90000153,33.79999924,32.20000076,32,31.39999962,31,29,28,26.10000038,23.70000076
Mali,MLI,,,,,,,,,,,,,,,,,,,,,,,,,,,,,,,,,,,,,,3.099999905,,,,,,,8.800000191,,,11.69999981,,,8.100000381,6.900000095,,7.300000191,6.400000095,9.399999619,9.699999809
Malta,MLT,,,,,,,,,,,,,,,,,,,,,,,,8.5,,8.100000381,6.800000191,4.400000095,4,3.700000048,3.900000095,3.599999905,4,4.5,4.099999905,3.700000048,4.400000095,5,5.099999905,5.300000191,6.300000191,7.099999905,6.900000095,7.5,7.300000191,6.900000095,6.800000191,6.5,6,6.900000095,6.800000191,6.400000095,6.300000191,6.400000095,5.800000191,5.400000095,4.699999809
Myanmar,MMR,,,,,,,,,,,,,,,,,,,,,,,,,,,,,,,6,,,,,,,,,,,,,,,,,,,,,,,,,0.800000012,
Middle East & North Africa (excluding high income),MNA,,,,,,,,,,,,,,,,,,,,,,,,,,,,,,,,,,,,,,,,,,,,15.38417299,14.34037359,12.98328151,11.69988529,10.72035395,10.90787389,10.59314677,11.17920001,11.58120774,12.29980993,11.59100426,11.76117896,,12.02250362
Montenegro,MNE,,,,,,,,,,,,,,,,,,,,,,,,,,,,,,,,,,,,,,,,,,,,,,30.29999924,,19.39999962,17.20000076,19.10000038,19.70000076,19.70000076,19.70000076,19.5,18,17.5,17.70000076
Mongolia,MNG,,,,,,,,,,,,,,,,,,,,,,,,,,,,,,,,,,,,5.5,,,,,,,6.199999809,6.800000191,,,,7.199999809,5.599999905,5.900000095,6.599999905,4.800000191,3.900000095,4.199999809,4.800000191,4.900000095,7.199999809
Northern Mariana Islands,MNP,,,,,,,,,,,,,,,,,,,,,,,,,9.699999809,9.899999619,,,,,,,,,,,,,,,3.799999952,,,4.599999905,,8.199999809,,,,,11.19999981,,,,,,
Mozambique,MOZ,,,,,,,,,,,,,,,,,,,,,,,,,,,,,,,,,,,,,,,,,,,,,,,,,,,,,22.60000038,,25.29999924,3,
Mauritania,MRT,,,,,,,,,,,,,,,,,,14.10000038,,,,,,,,,,,25.79999924,,,,,,,,,,,,19.10000038,,,,32.5,,,,31.20000076,,,,10.10000038,,,,
Mauritius,MUS,,,,,,,,,,,,,,,,,,,,,,,,,,,,,,,,,3.299999952,3.900000095,4.5,9.600000381,5.800000191,6.599999905,6.900000095,7.699999809,8.800000191,6.800000191,7.199999809,7.699999809,8.5,9.600000381,9.100000381,8.5,7.199999809,7.5,7.699999809,7.900000095,8.199999809,8,7.699999809,7.900000095,7.300000191
Malawi,MWI,,,,,,,,,,,,,,,,,,,,,,,,5.400000095,,,,,,,,,,,,,,,,,,,,,,7.800000191,,,,,,,,6,,,
Malaysia,MYS,,,,,,,,,,,,,,,,,,,,,,,3.400000095,3.799999952,5.800000191,6.900000095,8.300000191,7.300000191,7.300000191,6.300000191,5.099999905,,3.700000048,3,,3.099999905,2.5,2.400000095,3.200000048,3.400000095,3,3.5,3.5,3.599999905,3.5,3.5,3.299999952,3.200000048,3.299999952,3.700000048,3.200000048,3.099999905,3,3.099999905,2.900000095,3.099999905,3.400000095
North America,NAC,,,,,,,,,,,,,,,,,,,,,,,,,,,,,,,5.857901411,7.161172373,7.875755686,7.354931507,6.53077055,5.987347016,5.815430017,5.315064667,4.876296122,4.537999514,4.278884038,4.951047804,5.994514695,6.166793422,5.678098265,5.277501963,4.777134021,4.747403524,5.831720358,9.104281912,9.43874661,8.837748073,8.013271468,7.367215888,6.276511373,5.474991259,5.12933283
Namibia,NAM,,,,,,,,,,,,,,,,,,,,,,,,,,,,,,,,19.10000038,,,19.39999962,,,19.5,,,20.29999924,,,,22.10000038,,,,37.59999847,,22.10000038,26.79999924,16.79999924,19,18.5,,23.39999962
New Caledonia,NCL,,,,,,,,,,,,,,,,,,,,,,,,,,,,,,,,,,,,,18.60000038,,,,,,,,16.29999924,,,,,14,,,,,14.60000038,,
Niger,NER,,,,,,,,,,,,,,,,,,,,,,,,,,,,,,,,,,,,5.099999905,,,,,,1.5,,,,,,,,,,0.300000012,,,,,
Nigeria,NGA,,,,,,,,,,,,,,,,,,,,,,,,,,,3.900000095,,,,,,,,,,,,,,,,,,,,12.30000019,12.69999981,14.89999962,19.70000076,21.39999962,23.89999962,24.29999924,3.700000048,4.599999905,4.300000191,7.099999905
Nicaragua,NIC,,,,,,,,,,,,,,,,,,,,,,,,,,3.200000048,4.699999809,5.800000191,6,8.699999809,11.30000019,14.39999962,14.39999962,,,16.60000038,14.89999962,13.19999981,13.30000019,10.89999962,9.800000191,11.30000019,12.19999981,7.699999809,6.5,5.599999905,5.300000191,4.900000095,,8.199999809,7.800000191,,,5.300000191,4.5,,
Netherlands,NLD,,,,,,,,,,1.399999976,1.100000024,1.600000024,2.799999952,2.799999952,3.5,6,5.300000191,5.900000095,5.099999905,6.199999809,4.599999905,7.900000095,9.699999809,11.80000019,14.10000038,10.5,12,9.899999619,9.399999619,8.699999809,7.699999809,7.300000191,5.599999905,6.300000191,7.199999809,7.199999809,6.400000095,5.5,4.400000095,3.599999905,2.700000048,2.099999905,2.599999905,3.599999905,4.599999905,4.699999809,3.900000095,3.200000048,2.799999952,3.400000095,4.400000095,5,5.800000191,7.199999809,7.400000095,6.900000095,6
Norway,NOR,,,,,,,,,,1,0.800000012,0.800000012,1.700000048,1.600000024,1.5,2.299999952,1.799999952,1.5,1.799999952,2,1.600000024,2,1.700000048,2,2.900000095,2.299999952,1.799999952,2,3,4.800000191,5.300000191,5.400000095,5.900000095,6,5.400000095,6.300000191,5,4.699999809,3.700000048,3.200000048,3.5,3.700000048,4,4.199999809,4.300000191,4.400000095,3.400000095,2.5,2.599999905,3.099999905,3.5,3.200000048,3.099999905,3.400000095,3.5,4.300000191,4.699999809
Nepal,NPL,,,,,,,,,,,,,,,,,,,,,,,,,,,,,,,,,,,,,4.5,,,1.799999952,,8.800000191,,,,,,,1.299999952,,,,,3.299999952,3,,
Nauru,NRU,,,,,,,,,,,,,,,,,,,,,,,,,,,,,,,,,,,,,,,,,,,22.79999924,,,,,,,,,23,,,,,
New Zealand,NZL,,,,,,,,,,,,0.300000012,0.5,0.200000003,0.100000001,0.400000006,0.400000006,0.600000024,1.799999952,2,2.900000095,3.599999905,3.900000095,5.699999809,5,4,4.199999809,4.199999809,5.800000191,7.300000191,8,10.60000038,10.69999981,9.800000191,8.399999619,6.5,6.300000191,6.800000191,7.699999809,7,6.099999905,5.400000095,5.300000191,4.800000191,4,3.799999952,3.799999952,3.599999905,4,5.800000191,6.099999905,6,6.400000095,5.800000191,5.400000095,5.400000095,5.099999905
OECD members,OED,,,,,,,,,,,,,,,,,,,,,,,,,,,,,,,5.962188754,6.615121856,7.198254582,7.677880747,7.729532648,7.477445737,7.340928591,7.04042162,6.927387418,6.717133594,6.288743269,6.290026979,6.857915417,6.992061853,6.910009843,6.643823882,6.049605953,5.602216926,5.941415397,8.089899376,8.293151076,7.943477558,7.936888519,7.861131138,7.348208367,6.74876773,6.317406051
Oman,OMN,,,,,,,,,,,,,,,,,,,,,,,,,,,,,,,,,,,,,17.29999924,,,,,,,,,,,,,,,,,,,,15.39999962
Other small states,OSS,,,,,,,,,,,,,,,,,,,,,,,,,,,,,,,,,,,,,,,,,,,,,,,,,,,,,,,,,
Pakistan,PAK,,,,,,,,,,,,2.099999905,2.200000048,2,1.700000048,1.700000048,1.700000048,1.700000048,3.799999952,3.599999905,3.599999905,3.5,3.5,3.900000095,3.799999952,3.599999905,3.599999905,3,2.200000048,3.099999905,2,5.800000191,5.199999809,4.300000191,4.300000191,5,5.400000095,5.800000191,5.699999809,5.900000095,7.199999809,7.800000191,7.800000191,8.300000191,7.400000095,7.699999809,6.099999905,5.099999905,5,5.5,0.600000024,0.800000012,,3,1.799999952,3.599999905,
Panama,PAN,,,,,,,,,,,7.099999905,7.599999905,6.800000191,7,5.800000191,6.400000095,6.699999809,8.699999809,8.100000381,8.800000191,,,8.399999619,9.699999809,10.10000038,12.30000019,10.5,11.80000019,16.29999924,16.29999924,11.60000038,16.10000038,14.69999981,13.30000019,14,14,14.30000019,13.39999962,13.60000038,11.80000019,13.5,14.69999981,14.10000038,13.60000038,12.39999962,10.30000019,9.100000381,6.800000191,5.800000191,6.599999905,6.5,4.5,4,4.099999905,4.800000191,4.5,4.400000095
Peru,PER,,,,,,,,,,5.900000095,4.800000191,4.599999905,4.400000095,4.199999809,4,4.900000095,5.199999809,5.800000191,6.5,7.099999905,7,6.800000191,7,9.199999809,10.5,11.80000019,5.300000191,4.800000191,,7.900000095,8.600000381,5.800000191,9.399999619,9.899999619,8.899999619,7.099999905,7.099999905,7.699999809,7.800000191,8,7.300000191,7.900000095,9,9,9,9.199999809,8.100000381,8,8,8,7.5,7.300000191,6.599999905,5.699999809,5.699999809,6.300000191,6.599999905
Philippines,PHL,,,,,,,,,,6.699999809,,5.300000191,5.400000095,4.800000191,3.200000048,3.799999952,5.199999809,4.5,4,3.5,4.800000191,5.400000095,5.5,4.900000095,7,6.099999905,6.400000095,9.100000381,8.300000191,8.399999619,8.100000381,9,8.600000381,8.899999619,8.399999619,8.399999619,7.400000095,7.800000191,9.399999619,9.399999619,11.19999981,11,11.5,11.39999962,11.80000019,7.699999809,8,3.400000095,3.700000048,3.900000095,3.599999905,3.599999905,3.5,3.5,3.599999905,6.300000191,2.700000048
Palau,PLW,,,,,,,,,,,,,,,,,,,,,,,,,,,,,,,7.800000191,,,,,7,,,,,3.299999952,,,,,4.199999809,,,,,,,,,,,
Papua New Guinea,PNG,,,,,,,,,,,,,,,,,,,,,,,,,,,,,,,7.699999809,,,,,,,,,,2.900000095,,,,,,,,,,2,2.599999905,,,,,
Poland,POL,,,,,,,,,,,,,,,,,,,,,,,,,,,,,,,6.5,11.80000019,13.30000019,14,14.39999962,13.30000019,12.39999962,11,9.899999619,12.30000019,16.29999924,18.39999962,19.89999962,19.39999962,19.10000038,17.79999924,13.80000019,9.600000381,7.099999905,8.199999809,9.600000381,9.600000381,10.10000038,10.30000019,9,7.5,6.199999809
Pre-demographic dividend,PRE,,,,,,,,,,,,,,,,,,,,,,,,,,,,,,,,,,,,,,,,,,,,,,,,,,,,,,,,,
Puerto Rico,PRI,,,,,,,,,,,,11.5,11.80000019,11.60000038,13.10000038,19,19.60000038,19,16.70000076,14.5,17,17.79999924,19.89999962,22.20000076,20,20.70000076,19.5,17,15,14.60000038,14.5,16.20000076,16.89999962,16.89999962,14.60000038,13.89999962,13.60000038,13.80000019,13.5,11.80000019,10.10000038,11.30000019,11.89999962,11.80000019,10.30000019,11.39999962,11,10.89999962,11.5,15,16.10000038,15.69999981,14.5,14.30000019,13.89999962,12,11.80000019
"Korea, Dem. People’s Rep.",PRK,,,,,,,,,,,,,,,,,,,,,,,,,,,,,,,,,,,,,,,,,,,,,,,,,,,,,,,,,
Portugal,PRT,,,,,,,,,,,,,,,1.799999952,4.5,6.400000095,7.5,7.900000095,7.900000095,,,,7.300000191,,8.199999809,8.699999809,7.400000095,6,5.099999905,4.599999905,3.900000095,4,5.300000191,6.699999809,7.099999905,7.300000191,6.599999905,4.599999905,4.599999905,3.799999952,3.799999952,4.5,6.099999905,6.300000191,7.599999905,7.599999905,8,7.599999905,9.399999619,10.80000019,12.69999981,15.5,16.20000076,13.89999962,12.39999962,11.10000038
Paraguay,PRY,,,,,,,,,,,,,,,,,,,,5.699999809,4.099999905,,5.599999905,8.199999809,7.300000191,5.099999905,6.099999905,5.5,4.699999809,6.099999905,6.400000095,5.099999905,5.300000191,5.099999905,4.400000095,3.400000095,8.199999809,5.400000095,,9.399999619,7.599999905,,10.80000019,8.100000381,,,,5.599999905,5.599999905,5.5,7.199999809,7.099999905,8.100000381,8.100000381,8,6.800000191,7.699999809
West Bank and Gaza,PSE,,,,,,,,,,,,,,,,,,,,,,,,,,,,,,,,,,,,,23.79999924,20.29999924,14.60000038,11.60000038,14.19999981,24.89999962,30.70000076,24.39999962,26.79999924,23.5,23.60000038,21.39999962,26,24.60000038,23.70000076,20.89999962,23,23.39999962,27,25.89999962,27
Pacific island small states,PSS,,,,,,,,,,,,,,,,,,,,,,,,,,,,,,,,,,,,,,,,,,,,,,,,,,5.965181067,,,,,,,
Post-demographic dividend,PST,,,,,,,,,,,,,,,,,,,,,,,,,,,,,,,5.747735261,6.519153949,7.146477397,7.318036962,7.345330996,7.24590753,7.310447153,7.157098104,7.222057841,6.941878122,6.386250426,6.22167718,6.614980978,6.723462178,6.509469514,6.219971489,5.879311913,5.449236473,5.803716769,7.987493718,8.250657295,7.991176972,8.037582145,7.937911824,7.418736914,6.859068035,6.460986598
French Polynesia,PYF,,,,,,,,,,,,,,,,,,,,,,,,,,,,,9.699999809,,,,,,,,12.89999962,,,,,,11.69999981,,,,,11.69999981,,,,,21.79999924,,,,
Qatar,QAT,,,,,,,,,,,,,,,,,,,,,,,,,,,,,,,,,,,,,,2.400000095,,,,3.900000095,,,1.5,,0.899999976,0.5,0.300000012,0.300000012,0.400000006,0.600000024,0.5,0.300000012,0.200000003,0.200000003,0.100000001
Romania,ROU,,,,,,,,,,,,,,,,,,,,,,,,,,,,,,,,3,8.300000191,10.39999962,8.199999809,8,6.699999809,5.5,5.599999905,6.199999809,7,6.599999905,8.100000381,7,7.699999809,7.199999809,7.300000191,6.400000095,5.800000191,6.900000095,7,7.199999809,6.800000191,7.099999905,6.800000191,6.800000191,5.900000095
Russian Federation,RUS,,,,,,,,,,,,,,,,,,,,,,,,,,,,,,,,0.100000001,5.199999809,5.900000095,8.100000381,9.399999619,9.699999809,11.80000019,13.30000019,13,10.60000038,9,7.900000095,8.199999809,7.800000191,7.099999905,7,6,6.199999809,8.300000191,7.400000095,6.5,5.400000095,5.5,5.199999809,5.599999905,
Rwanda,RWA,,,,,,,,,,,,,,,,,,,,,,,,,,,,,,0.800000012,,0.300000012,,,,,0.600000024,,,,,,0.899999976,,,,,,,,,,3.400000095,,1.200000048,,
South Asia,SAS,,,,,,,,,,,,,,,,,,,,,,,,,,,,,,,,,,,2.931977703,,,,,,3.206685655,,,,,4.757485402,,,,,3.237955527,,2.719703549,,,,
Saudi Arabia,SAU,,,,,,,,,,,,,,,,,,,,,,,,,,,,,,,,,7.199999809,,,,,,,4.400000095,4.599999905,4.599999905,5.300000191,5.599999905,5.800000191,6,6.199999809,5.699999809,5.099999905,5.400000095,,5.800000191,5.5,5.599999905,5.699999809,5.599999905,5.599999905
Sudan,SDN,,,,,,,,,,,,,,,,,,,19.39999962,,,,,13.19999981,,12.10000038,13.10000038,,,,,,,,,,,,,,,,,,,,,19.79999924,,13,,,,,,,
Senegal,SEN,,,,,,,,,,,,,,,,,,,,,,,,,,,,,,,,,,,,,,,,,,,5.599999905,,,,10,,,,,10.39999962,,25.60000038,,4.800000191,
Singapore,SGP,,,,,,,,,,,6.099999905,4.800000191,4.699999809,4.5,4,4.599999905,4.5,3.900000095,2.299999952,2.099999905,1.799999952,2.799999952,1.5,1.700000048,2.700000048,4.300000191,6.800000191,5,3.599999905,2.400000095,,2.200000048,3.099999905,3.099999905,3,3.299999952,3.599999905,2.5,3.400000095,4.800000191,3.700000048,3.799999952,5.599999905,5.900000095,5.800000191,5.599999905,4.5,3.900000095,4,5.900000095,4.099999905,3.900000095,3.700000048,3.900000095,3.700000048,3.799999952,4.099999905
Solomon Islands,SLB,,,,,,,,,,,,,,,,,,,,,,,,,,,,,,,,,,,,,,,,,,,,,,,,,,2,,,,,,,
Sierra Leone,SLE,,,,,,,,,,,,,,,,,,,,,,,,,,,,,,,,,,,,,,,,,,,,,3.400000095,,,,,,,,,,4.699999809,,
El Salvador,SLV,,,,,,,,,,,,,,,,,,,3.700000048,6.800000191,13.30000019,,,,,17,7.900000095,,9.399999619,8.399999619,10,7.5,7.900000095,9.899999619,7.699999809,7.599999905,7.699999809,8,7.099999905,6.699999809,7,7,5.699999809,6.300000191,6,7.199999809,6.599999905,6.400000095,5.900000095,7.300000191,4.900000095,4.300000191,3.799999952,3.700000048,4.199999809,4,4.400000095
San Marino,SMR,,,,,,,,,,,,,,,,,,,,4.800000191,5.800000191,,,,7.199999809,6.900000095,6.900000095,6.199999809,6,5.300000191,5.5,4.300000191,4.199999809,5.099999905,3.900000095,3.900000095,5.099999905,4.400000095,4.099999905,3,2.799999952,,2.900000095,3.099999905,,2.099999905,1.600000024,,,4,4.400000095,5.099999905,6.099999905,6,6.599999905,7.400000095,6.400000095
Somalia,SOM,,,,,,,,,,,,,,,,,,,,,,,,,,,,,,,,,,,,,,,,,,,,,,,,,,,,,,,,,
Serbia,SRB,,,,,,,,,,,,,,,,,,,,,,,,,,,,,,,,,,,,,,,,,,,,,18.5,20.79999924,20.79999924,18.10000038,13.60000038,16.10000038,19.20000076,23,24,22.20000076,19.20000076,17.89999962,15.30000019
Sub-Saharan Africa (excluding high income),SSA,,,,,,,,,,,,,,,,,,,,,,,,,,,,,,,,,,,,,,,,,,,,,,,,,,,,,,,,,
South Sudan,SSD,,,,,,,,,,,,,,,,,,,,,,,,,,,,,,,,,,,,,,,,,,,,,,,,,12.19999981,,,,,,,,
Sub-Saharan Africa,SSF,,,,,,,,,,,,,,,,,,,,,,,,,,,,,,,,,,,,,,,,,,,,,,,,,,,,,,,,,
Small states,SST,,,,,,,,,,,,,,,,,,,,,,,,,,,,,,,,,,,,,,,,,,,,,,,,,,,,,,,,,
Sao Tome and Principe,STP,,,,,,,,,,,,,,,,,,,,0.600000024,0.600000024,0.699999988,0.600000024,0.5,0.300000012,,,,,,,3.700000048,,,,,,,,,14.39999962,15.69999981,17.60000038,16.39999962,16.10000038,16.5,16.60000038,,,,,,13.60000038,,,,
Suriname,SUR,,,,,,,,,,,,,,,,,,,,,,,,,,,,19.5,,15.5,15.60000038,,17.29999924,15.60000038,,8.399999619,10.89999962,10.60000038,10.60000038,13.60000038,,,,,9.5,,,,,8.699999809,7.199999809,7.5,8.100000381,6.599999905,6.900000095,7.199999809,
Slovak Republic,SVK,,,,,,,,,,,,,,,,,,,,,,,,,,,,,,,,6.599999905,11.39999962,12.19999981,13.60000038,13.10000038,11.30000019,11.89999962,12.19999981,16,19.10000038,19.39999962,18.70000076,17.10000038,18.60000038,16.29999924,13.39999962,11.10000038,9.5,12,14.39999962,13.60000038,14,14.19999981,13.19999981,11.5,9.699999809
Slovenia,SVN,,,,,,,,,,,,,,,,,,,,,,,,,,,1.399999976,1.5,2.200000048,2.900000095,4.699999809,7.099999905,11.5,8.5,8.199999809,7.199999809,6.900000095,6.599999905,7.400000095,7.300000191,6.900000095,5.699999809,5.900000095,6.5,6,6.5,6,4.800000191,4.400000095,5.900000095,7.199999809,8.199999809,8.800000191,10.10000038,9.699999809,9,8
Sweden,SWE,,,,,,,,,,1.899999976,1.5,2.599999905,2.700000048,2.5,2,1.600000024,1.600000024,1.200000048,1.600000024,1.5,2,1.799999952,3.099999905,3.5,3.099999905,2.799999952,2.200000048,2.200000048,1.700000048,1.5,1.799999952,3.200000048,5.699999809,9.300000191,9.600000381,8.899999619,9.600000381,10.39999962,8.899999619,7.599999905,5.5,4,4,4.900000095,5.5,7.699999809,7,6.099999905,6.199999809,8.300000191,8.600000381,7.800000191,8,8,7.900000095,7.400000095,7
Swaziland,SWZ,,,,,,,,,,,,,,,,,,,,,,,,,,,,,,,,,,,,21.60000038,,,,,,,,,,,,28.20000076,,,,,,,,,
Sint Maarten (Dutch part),SXM,,,,,,,,,,,,,,,,,,,,,,,,,,,,,,,,,,,,,,,,,,,,,,,,,,,,,,,,,
Seychelles,SYC,,,,,,,,,,,,,,,,,,,,3.799999952,5.199999809,13.10000038,12.19999981,15.39999962,20.79999924,20.20000076,,,,,,,,,10.39999962,,,,,,,,9.800000191,,,5.5,,,,,,4.099999905,,,,4.400000095,
Syrian Arab Republic,SYR,,,,,,,,,,4.300000191,6.400000095,7.5,4.699999809,4.5,5.099999905,4.800000191,6.199999809,5,4.5,3.799999952,,,,4.199999809,4.699999809,,,,,5.800000191,,6.800000191,,7.400000095,7.5,7.199999809,,15.19999981,,7.599999905,2.299999952,11.19999981,11.69999981,10.30000019,,,8.199999809,8.399999619,10.89999962,8.100000381,8.600000381,14.89999962,,,,,
Turks and Caicos Islands,TCA,,,,,,,,,,,,,,,,,,,,,,,,,,,,,,,,,,,,,,,,,,9.699999809,6.199999809,7.800000191,9.899999619,8,7.400000095,5.400000095,8.300000191,,,,,,,,
Chad,TCD,,,,,,,,,,,,,,,,,,,,,,,,,,,,,,,,,,,,,,,,,,,,,,,,,,,,,,,,,
East Asia & Pacific (IDA & IBRD countries),TEA,,,,,,,,,,,,,,,,,,,,,,,,,,,,,,,2.767681182,2.54831971,2.509880237,2.772925742,2.935577747,3.019313345,3.099946577,3.151390197,3.527191736,3.593648436,3.598803253,3.991154442,4.316331456,4.531572984,4.530061949,4.620504474,4.512742195,4.318933283,4.284995617,4.262169443,3.993900843,3.92794398,3.840812556,3.744058831,3.780622438,,
Europe & Central Asia (IDA & IBRD countries),TEC,,,,,,,,,,,,,,,,,,,,,,,,,,,,,,,,3.612419094,6.561667295,6.445082299,7.172265001,8.093132181,8.547850252,9.366371116,10.29203082,11.05293168,9.723159897,9.761126433,9.536960169,9.337976556,9.191224437,8.569537347,7.963253188,7.130618736,6.931657817,9.174965665,8.600980582,8.058436657,7.539030714,7.622155725,7.680694919,7.636670845,
Togo,TGO,,,,,,,,,,,,,,,,,,,,,,,,,,,,,,,,,,,,,,,,,,,,,,,,,,,,1.899999976,,,,,
Thailand,THA,,,,,,,,,,,,0.200000003,0.5,0.400000006,0.5,0.400000006,1.200000048,0.899999976,0.800000012,0.899999976,0.899999976,1.299999952,2.700000048,2.900000095,5,3.700000048,3.5,5.800000191,3,1.399999976,2.200000048,2.700000048,1.399999976,1.5,1.399999976,1.100000024,1.100000024,0.899999976,3.400000095,3,2.400000095,2.599999905,1.799999952,1.5,1.5,1.399999976,1.200000048,1.200000048,1.200000048,1.5,0.600000024,0.699999988,0.600000024,0.5,0.600000024,0.600000024,
Tajikistan,TJK,,,,,,,,,,,,,,,,,,,,,,,,,,,,,,,,,0.400000006,1.200000048,1.700000048,2,2.599999905,2.700000048,3.200000048,3,2.700000048,2.299999952,2.5,2.400000095,2,2,2.200000048,2.5,,11.5,,,,,,,
Turkmenistan,TKM,,,,,,,,,,,,,,,,,,,,,,,,,,,,,,,,,,,,,,,,,,,,,,,,,,4,4,,,,,,
Latin America & the Caribbean (IDA & IBRD countries),TLA,,,,,,,,,,,,,,,,,,,,,,,,,,,,,,,6.21019457,,6.620780003,6.626508144,,8.018665084,8.472963934,8.256115314,8.829886023,9.51889959,11.59746085,9.196022061,9.620649568,9.791880868,8.850246906,8.43881682,7.659314186,7.239654644,7.109261312,7.846955661,6.927515046,6.635892664,6.378753835,6.247201718,6.260920265,6.692425976,8.120778857
Timor-Leste,TLS,,,,,,,,,,,,,,,,,,,,,,,,,,,,,,,,,,,,,,,,,,,,,,,,,,,3.299999952,,,11,,,
Middle East & North Africa (IDA & IBRD countries),TMN,,,,,,,,,,,,,,,,,,,,,,,,,,,,,,,,,,,,,,,,,,,,,14.19445343,12.89262129,11.60079798,10.62204622,10.77159432,10.4599196,11.05750966,11.48745683,12.17199756,11.44296996,11.56222697,,11.80566829
Tonga,TON,,,,,,,,,,,,,,,,,,,,,,,,,,,,,,,4.099999905,,,1.299999952,,,13.30000019,,,,,,,5.199999809,,,1.100000024,,,,,,,,,,
South Asia (IDA & IBRD),TSA,,,,,,,,,,,,,,,,,,,,,,,,,,,,,,,,,,,2.931977703,,,,,,3.206685655,,,,,4.757485402,,,,,3.237955527,,2.719703549,,,,
Sub-Saharan Africa (IDA & IBRD countries),TSS,,,,,,,,,,,,,,,,,,,,,,,,,,,,,,,,,,,,,,,,,,,,,,,,,,,,,,,,,
Trinidad and Tobago,TTO,,,,,,,,,,13.19999981,12.80000019,,,15.39999962,15.30000019,15,,13.39999962,12,6.800000191,9.800000191,6.300000191,9.899999619,6.599999905,13.30000019,9.300000191,9.399999619,22.10000038,21.89999962,22,19.89999962,18.5,19.70000076,19.79999924,18.39999962,17.20000076,16.20000076,15,14.19999981,13.10000038,12.10000038,10.89999962,10.39999962,10.5,8.300000191,8,6.300000191,5.5,4.599999905,5.300000191,5.900000095,4.699999809,5,3.599999905,3.299999952,3.400000095,
Tunisia,TUN,,,,,,,,,,,,,,,,,,,,,,,,,,,,,,16.10000038,,,,,,,,15.89999962,,16,15.69999981,15.10000038,15.30000019,14.5,14.19999981,14.19999981,12.5,14.10000038,14.19999981,13.30000019,13,18.29999924,17.60000038,15.89999962,,15.19999981,15.5
Turkey,TUR,,,,,,,,,,,,,,,,,,,,,,,10.89999962,12.10000038,11.89999962,11.19999981,,,8,8.300000191,8,8.199999809,8.5,9,8.600000381,7.599999905,6.599999905,6.800000191,6.900000095,7.699999809,6.5,8.399999619,10.39999962,10.5,10.80000019,10.60000038,8.699999809,8.899999619,9.699999809,12.60000038,10.69999981,8.800000191,8.199999809,8.699999809,9.899999619,10.19999981,10.80000019
Tuvalu,TUV,,,,,,,,,,,,,,,,,,,,,,,,,,,,,,,,,,,,,,,,,,,6.5,,16.29999924,,,,,,,,,,,,
Tanzania,TZA,,,,,,,,,,,,,,,,,,,,,,,,,,,,,,,,3.599999905,,,,,,,,,,,3.599999905,,,,4.699999809,,,2.5,,3.5,,2.900000095,2.099999905,,
Uganda,UGA,,,,,,,,,,,,,,,,,,,,,,,,,,,,,,,,0.899999976,0.899999976,,,,,,,,,,3.5,3.200000048,,1.899999976,,,,13.30000019,12.60000038,9.100000381,3.599999905,1.899999976,,,
Ukraine,UKR,,,,,,,,,,,,,,,,,,,,,,,,,,,,,,,,,,0.400000006,0.400000006,5.599999905,7.599999905,8.899999619,11.30000019,11.60000038,11.60000038,11,9.600000381,9.100000381,8.600000381,7.199999809,6.800000191,6.400000095,6.400000095,8.800000191,8.100000381,7.900000095,7.5,7.199999809,9.300000191,9.100000381,9.399999619
Upper middle income,UMC,,,,,,,,,,,,,,,,,,,,,,,,,,,,,,,3.286822012,3.012575252,3.620371748,3.933816921,4.158999012,4.608316151,4.616931109,4.869683092,5.23819908,5.477031948,5.827535047,5.718758431,5.99345535,6.267951255,6.018824365,5.920149841,5.682981123,5.35010662,5.514794694,5.908663187,5.562857313,5.441281449,5.317448263,5.214777085,5.295435414,,
Uruguay,URY,,,,,,,,,,,7.5,7.599999905,7.699999809,8.899999619,8.100000381,,,,,,7.300000191,6.599999905,11.69999981,,9.899999619,,10.69999981,9.100000381,8.300000191,8,8.5,9,9,8.399999619,9,10,11.89999962,11.39999962,9.800000191,11.30000019,13.30000019,14.89999962,16.89999962,16.39999962,,12.19999981,10.60000038,9.199999809,7.699999809,7.300000191,7.199999809,6.300000191,6.400000095,6.400000095,6.599999905,7.5,7.800000191
United States,USA,5.5,6.699999809,5.5,5.699999809,5.199999809,4.5,3.799999952,3.799999952,3.599999905,3.5,4.900000095,5.900000095,5.599999905,4.900000095,5.599999905,8.5,7.699999809,7.099999905,6.099999905,5.800000191,7.099999905,7.599999905,9.699999809,9.600000381,7.5,7.199999809,7,6.199999809,5.5,5.300000191,5.599999905,6.800000191,7.5,6.900000095,6.099999905,5.599999905,5.400000095,4.900000095,4.5,4.199999809,4,4.699999809,5.800000191,6,5.5,5.099999905,4.599999905,4.599999905,5.800000191,9.199999809,9.600000381,9,8.100000381,7.400000095,6.199999809,5.300000191,4.900000095
Uzbekistan,UZB,,,,,,,,,,,,,,,,,,,,,,,,,,,,,,,,,0.200000003,0.400000006,0.400000006,0.400000006,,,,,0.400000006,0.400000006,0.400000006,0.300000012,0.400000006,0.300000012,0.200000003,0.300000012,0.400000006,,,,,,,,
St. Vincent and the Grenadines,VCT,,,,,,,,,,,,,,,,,,,,,,,,,,,,,,,,19.79999924,,,,,,,,,,,,,,,,,,,,,,,,,
"Venezuela, RB",VEN,,,,,,,,,,,,,,,,6.5,6.300000191,5.099999905,5,5.400000095,5.900000095,6.300000191,7.099999905,10.10000038,13,13.10000038,11,9.199999809,7.300000191,9.899999619,10.39999962,9.5,7.699999809,6.599999905,8.600000381,10.19999981,11.80000019,11.39999962,11.19999981,14.5,13.19999981,12.80000019,16.20000076,16.79999924,13.89999962,11.39999962,9.300000191,7.5,6.800000191,8,8.399999619,7.800000191,7.400000095,7.5,7,6.800000191,
British Virgin Islands,VGB,,,,,,,,,,,,,,,,,,,,,,,,,,,,,,,,3.299999952,,,,,,,,,,,,,,,,,,,,,,,,,
Virgin Islands (U.S.),VIR,,,,,,,,,,,,,,,,,,,6.400000095,5.599999905,6,6.5,7.900000095,8.199999809,7.599999905,6,4.699999809,3,3.299999952,3.700000048,2.799999952,2.799999952,3.5,3.5,5.599999905,5.699999809,5.199999809,5.900000095,,,,,,,,,,,,,,,,,,,
Vietnam,VNM,,,,,,,,,,,,,,,,,,,,,,,,,,,,,,,,,,,,,1.899999976,2.900000095,2.299999952,2.299999952,2.299999952,2.799999952,2.099999905,2.200000048,2.099999905,5.300000191,,4.599999905,2.400000095,2.599999905,2.599999905,2,1.799999952,2,1.899999976,2.099999905,2.099999905
Vanuatu,VUT,,,,,,,,,,,,,,,,,,,,,,,,,,,,,,,,,,,,,,,,,,,,,,,,,,5.5,,,,,,,
World,WLD,,,,,,,,,,,,,,,,,,,,,,,,,,,,,,,,,,,4.811354763,,5.495180393,,,6.165768958,5.576593235,,6.426643214,6.600949852,6.798233604,5.944835111,6.27235729,5.81459915,5.881386166,6.98244458,6.132163389,6.570660014,6.026569984,5.714152274,5.941812879,,
Samoa,WSM,,,,,,,,,,,,,,,,,,,,,,,,,,,,,,,,2.099999905,,,,,,,,,,5,,,,,1.299999952,,,,,5.699999809,8.800000191,,8.699999809,,
Kosovo,XKX,,,,,,,,,,,,,,,,,,,,,,,,,,,,,,,,,,,,,,,,,,57,55,49.70000076,39.70000076,41.40000153,44.90000153,46.29999924,47.5,45.40000153,,,31,,35.20000076,32.90000153,27.5
"Yemen, Rep.",YEM,,,,,,,,,,,,,,,,,,,,,,,,,,,,,,,,,,,8.300000191,,,,,11.5,,,,,16.20000076,16,15.69999981,15.30000019,15,14.60000038,17.79999924,,,,13.5,,
South Africa,ZAF,,,,,,,,,,,,,,,,,,,,,,,,,,,,,,,,,,,4.400000095,4.5,5.099999905,5.400000095,25,25.39999962,23.29999924,26.20000076,26.60000038,27.10000038,24.70000076,23.79999924,22.60000038,22.5,22.39999962,23.5,24.70000076,24.60000038,24.70000076,24.60000038,24.89999962,25.20000076,26.60000038
Zambia,ZMB,,,,,,,,,,,,,,,,,,,,,,,,,,,13,,,,15,18.89999962,,19.70000076,,,15,,12,,12.89999962,,,,,,,,7.900000095,,13.19999981,,7.800000191,,,,
Zimbabwe,ZWE,,,,,,,,,,,,,,,,,,,,,,,10.80000019,,,,,7.199999809,,,,,21.79999924,,5,,,6.900000095,,6,,,11.60000038,,4.400000095,,,,,,,5.400000095,5.400000095,,11.30000019,,
